session_date,sessions,mean_score,mean_success_rate,mean_duration,mean_repetitions
2026-04-30,1,60.6,60.2,4.0,9.0
2026-05-04,1,52.5,52.7,8.0,9.0
2026-05-05,1,47.1,52.7,6.0,10.0
2026-05-07,1,63.8,68.7,5.0,10.0
2026-05-08,1,48.7,61.3,7.0,13.0
2026-05-12,2,58.9,60.7,5.0,6.5
2026-05-16,1,62.7,70.3,9.0,11.0
2026-05-18,1,52.9,55.8,6.0,9.0
2026-05-21,1,61.0,60.4,7.0,14.0
2026-05-22,1,50.6,54.7,8.0,13.0
2026-05-23,1,49.5,55.2,6.0,16.0
2026-05-25,1,68.5,72.1,4.0,7.0
2026-05-26,1,41.5,41.6,8.0,16.0
2026-05-27,1,52.2,53.2,6.0,16.0
2026-05-28,1,48.6,54.6,7.0,8.0
2026-05-29,1,48.0,41.6,7.0,13.0
2026-05-30,2,61.1,53.35,9.5,15.0
2026-06-02,1,51.0,60.4,7.0,12.0
2026-06-03,1,41.2,36.8,6.0,14.0
2026-06-06,3,46.97,48.03,8.0,15.67
2026-06-08,1,55.8,66.9,7.0,19.0
2026-06-09,1,41.6,42.5,9.0,16.0
2026-06-10,1,41.8,40.0,9.0,17.0
2026-06-11,6,47.15,51.92,7.0,13.0
2026-06-12,3,50.9,49.43,9.0,15.33
2026-06-13,1,51.9,44.0,4.0,6.0
2026-06-15,5,51.0,51.54,7.6,14.4
2026-06-16,1,52.1,48.8,8.0,13.0
2026-06-17,3,56.8,53.97,8.0,11.0
2026-06-18,2,54.75,54.65,8.0,11.5
2026-06-19,6,49.15,49.05,7.17,14.0
2026-06-20,7,53.9,55.39,7.29,13.71
2026-06-22,2,54.05,45.65,5.5,11.0
2026-06-23,4,51.3,55.95,8.5,14.25
2026-06-24,5,55.04,54.1,7.4,12.8
2026-06-25,3,52.0,55.1,5.33,11.0
2026-06-27,8,54.79,55.19,7.0,13.38
2026-06-29,2,54.7,53.75,8.5,18.0
2026-06-30,4,56.75,57.7,7.25,11.25
2026-07-01,3,59.27,60.4,8.0,17.0
2026-07-02,3,55.6,52.3,7.33,14.33
2026-07-03,3,46.47,51.7,8.0,14.33
2026-07-04,6,52.87,55.35,8.0,13.17
2026-07-07,5,54.34,55.3,7.6,12.4
2026-07-08,1,57.5,48.4,8.0,13.0
2026-07-09,5,57.4,59.76,8.0,14.0
2026-07-10,2,54.35,46.5,5.5,8.5
2026-07-11,8,54.68,55.31,7.5,12.12
2026-07-13,3,55.23,59.5,8.0,12.33
2026-07-14,5,54.86,58.16,7.4,13.0
2026-07-15,1,51.1,47.9,11.0,19.0
2026-07-16,9,53.12,54.33,7.78,13.56
2026-07-17,6,59.27,57.67,6.5,10.67
2026-07-18,12,48.78,51.29,7.42,14.08
2026-07-20,4,63.25,61.48,8.0,14.25
2026-07-21,3,64.4,66.77,7.0,10.33
2026-07-22,5,58.56,60.58,9.2,16.2
2026-07-23,5,57.0,56.86,6.4,13.2
2026-07-24,2,52.4,54.7,7.5,14.0
2026-07-25,9,55.71,58.51,7.89,14.0
2026-07-27,3,54.13,60.87,8.0,13.0
2026-07-28,7,56.7,59.71,7.57,12.43
2026-07-29,3,58.53,59.6,8.67,16.67
2026-07-30,1,68.4,61.9,5.0,9.0
2026-07-31,8,53.5,54.48,7.12,13.38
2026-08-01,11,57.01,55.9,7.45,13.18
2026-08-03,4,57.72,55.82,8.5,14.25
2026-08-04,7,48.6,50.21,8.29,14.29
2026-08-05,4,61.45,61.95,8.0,14.5
2026-08-06,4,53.62,55.78,8.25,13.25
2026-08-07,8,55.36,53.59,8.12,14.62
2026-08-08,15,56.98,58.35,7.67,13.6
2026-08-10,6,55.77,58.25,7.83,14.5
2026-08-11,4,53.15,55.12,9.0,14.25
2026-08-12,7,59.01,58.63,9.29,16.71
2026-08-13,4,61.22,56.82,8.25,14.0
2026-08-14,6,58.37,60.18,7.67,13.5
2026-08-15,15,56.97,56.61,8.27,14.13
2026-08-17,6,56.45,50.95,7.83,14.33
2026-08-18,5,59.06,57.44,9.0,16.4
2026-08-19,7,61.8,60.71,7.43,13.29
2026-08-20,3,56.13,56.7,8.0,16.0
2026-08-21,10,56.41,55.51,8.0,13.7
2026-08-22,9,55.1,58.89,9.33,16.78
2026-08-24,7,58.24,61.3,7.57,13.29
2026-08-25,8,61.5,63.22,8.5,16.12
2026-08-26,6,54.03,54.45,7.83,15.0
2026-08-27,6,61.48,61.45,7.5,14.83
2026-08-28,9,57.12,55.29,7.44,14.11
2026-08-29,16,61.96,62.05,8.12,14.62
2026-08-31,6,58.78,58.23,8.17,16.83
2026-09-01,9,57.1,57.74,8.11,16.33
2026-09-02,3,56.63,54.67,9.0,16.0
2026-09-03,7,63.13,65.3,7.57,15.71
2026-09-04,8,54.75,53.71,8.12,16.12
2026-09-05,12,58.93,61.9,7.92,15.75
2026-09-07,3,61.7,56.63,8.33,16.67
2026-09-08,11,62.65,63.85,8.73,16.09
2026-09-09,4,63.52,64.23,8.25,15.75
2026-09-10,7,58.51,57.46,8.57,14.57
2026-09-11,4,71.97,70.2,8.75,15.25
2026-09-12,7,60.13,58.7,8.71,14.43
2026-09-14,1,70.0,57.8,4.0,11.0
2026-09-15,2,56.1,61.6,9.0,16.5
2026-09-16,2,66.15,65.3,7.0,13.5
2026-09-17,6,61.75,61.8,8.67,16.0
2026-09-19,8,68.41,68.0,8.12,14.88
2026-09-21,1,59.4,63.5,8.0,11.0
2026-09-22,1,46.0,51.7,7.0,15.0
