patient_id,first_name,last_name,session_date,success_rate
1,Yasmine,Bouzid,2026-04-30 15:50:31,60.2
1,Yasmine,Bouzid,2026-05-04 15:00:15,52.7
1,Yasmine,Bouzid,2026-05-05 15:20:38,52.7
1,Yasmine,Bouzid,2026-05-07 15:00:09,68.7
1,Yasmine,Bouzid,2026-05-08 15:20:48,61.3
1,Yasmine,Bouzid,2026-05-12 15:10:22,59.0
1,Yasmine,Bouzid,2026-05-12 15:55:04,62.4
1,Yasmine,Bouzid,2026-05-16 10:45:20,70.3
1,Yasmine,Bouzid,2026-05-18 15:00:36,55.8
1,Yasmine,Bouzid,2026-05-21 15:40:50,60.4
1,Yasmine,Bouzid,2026-05-22 15:50:42,54.7
1,Yasmine,Bouzid,2026-05-25 15:20:30,72.1
1,Yasmine,Bouzid,2026-05-28 15:50:49,54.6
1,Yasmine,Bouzid,2026-05-30 10:15:13,55.4
1,Yasmine,Bouzid,2026-06-15 15:30:51,54.2
1,Yasmine,Bouzid,2026-06-17 15:40:41,58.3
1,Yasmine,Bouzid,2026-06-20 10:00:32,67.2
1,Yasmine,Bouzid,2026-06-20 10:30:31,60.6
1,Yasmine,Bouzid,2026-06-27 10:00:27,61.6
1,Yasmine,Bouzid,2026-06-27 10:45:14,49.3
1,Yasmine,Bouzid,2026-07-01 15:00:53,78.0
1,Yasmine,Bouzid,2026-07-07 15:50:21,60.2
1,Yasmine,Bouzid,2026-07-13 15:10:20,65.8
1,Yasmine,Bouzid,2026-07-17 15:00:21,58.6
1,Yasmine,Bouzid,2026-07-17 15:55:17,62.0
1,Yasmine,Bouzid,2026-07-21 15:30:00,67.5
2,Amira,Jebali,2026-06-23 15:40:41,57.8
2,Amira,Jebali,2026-06-27 10:45:44,48.8
2,Amira,Jebali,2026-07-03 15:00:38,67.7
2,Amira,Jebali,2026-07-04 10:15:37,57.3
2,Amira,Jebali,2026-07-09 15:50:54,47.0
2,Amira,Jebali,2026-07-11 10:15:52,55.2
2,Amira,Jebali,2026-07-14 15:20:38,53.3
2,Amira,Jebali,2026-07-16 15:20:56,55.5
2,Amira,Jebali,2026-07-18 10:15:14,57.0
2,Amira,Jebali,2026-07-18 10:45:29,52.8
2,Amira,Jebali,2026-07-23 15:20:37,68.1
2,Amira,Jebali,2026-07-25 10:45:51,57.3
2,Amira,Jebali,2026-07-28 15:50:36,54.7
2,Amira,Jebali,2026-07-31 15:10:58,54.7
2,Amira,Jebali,2026-08-05 15:10:04,60.7
2,Amira,Jebali,2026-08-08 10:15:00,60.3
2,Amira,Jebali,2026-08-15 10:00:13,47.0
2,Amira,Jebali,2026-08-15 10:30:57,57.6
2,Amira,Jebali,2026-08-18 15:00:45,70.1
2,Amira,Jebali,2026-08-21 15:00:49,57.3
2,Amira,Jebali,2026-08-21 15:40:44,43.3
2,Amira,Jebali,2026-08-24 15:20:57,59.9
2,Amira,Jebali,2026-08-27 15:50:59,58.5
2,Amira,Jebali,2026-08-29 10:15:09,55.6
3,Fatma,Tlili,2026-05-23 10:45:44,55.2
3,Fatma,Tlili,2026-06-08 15:20:54,66.9
3,Fatma,Tlili,2026-06-10 15:50:05,40.0
3,Fatma,Tlili,2026-06-12 15:10:00,55.1
3,Fatma,Tlili,2026-06-15 15:00:19,57.8
3,Fatma,Tlili,2026-06-19 15:40:01,64.8
3,Fatma,Tlili,2026-06-20 10:15:19,56.0
3,Fatma,Tlili,2026-06-23 15:00:44,60.4
3,Fatma,Tlili,2026-06-27 10:00:26,62.9
3,Fatma,Tlili,2026-07-18 10:45:49,57.6
3,Fatma,Tlili,2026-07-22 15:40:31,63.4
3,Fatma,Tlili,2026-07-25 10:00:56,57.1
3,Fatma,Tlili,2026-07-28 15:30:01,64.8
3,Fatma,Tlili,2026-08-01 10:30:35,52.7
3,Fatma,Tlili,2026-08-05 15:50:19,71.9
3,Fatma,Tlili,2026-08-07 15:50:04,47.3
3,Fatma,Tlili,2026-08-10 15:30:00,53.0
3,Fatma,Tlili,2026-08-12 15:30:10,60.6
3,Fatma,Tlili,2026-08-15 10:45:30,48.3
3,Fatma,Tlili,2026-08-17 15:00:45,52.2
3,Fatma,Tlili,2026-08-20 15:40:36,58.2
3,Fatma,Tlili,2026-08-22 10:30:49,64.0
3,Fatma,Tlili,2026-08-28 15:10:39,59.7
3,Fatma,Tlili,2026-09-01 15:30:06,63.3
3,Fatma,Tlili,2026-09-03 15:40:29,62.8
3,Fatma,Tlili,2026-09-05 10:15:43,60.2
3,Fatma,Tlili,2026-09-05 11:15:24,52.6
3,Fatma,Tlili,2026-09-08 15:00:27,74.8
3,Fatma,Tlili,2026-09-08 15:40:30,66.3
3,Fatma,Tlili,2026-09-10 15:00:06,63.6
3,Fatma,Tlili,2026-09-10 15:20:45,59.8
3,Fatma,Tlili,2026-09-12 10:00:55,63.3
4,Malek,Hamdi,2026-07-14 17:00:19,48.2
4,Malek,Hamdi,2026-07-16 17:10:57,57.1
4,Malek,Hamdi,2026-07-16 17:40:28,49.4
4,Malek,Hamdi,2026-07-18 10:30:51,43.8
4,Malek,Hamdi,2026-07-18 11:30:19,55.5
4,Malek,Hamdi,2026-07-20 17:20:36,61.1
4,Malek,Hamdi,2026-07-22 17:40:43,55.8
4,Malek,Hamdi,2026-07-25 10:00:08,56.7
4,Malek,Hamdi,2026-07-29 17:30:19,57.1
4,Malek,Hamdi,2026-08-01 10:45:23,52.4
4,Malek,Hamdi,2026-08-01 11:15:14,62.0
4,Malek,Hamdi,2026-08-04 17:00:33,52.9
4,Malek,Hamdi,2026-08-04 17:20:24,51.1
4,Malek,Hamdi,2026-08-07 17:40:36,52.2
4,Malek,Hamdi,2026-08-08 10:15:33,52.4
4,Malek,Hamdi,2026-08-12 17:40:31,53.2
4,Malek,Hamdi,2026-08-14 17:20:38,64.2
4,Malek,Hamdi,2026-08-15 10:00:18,53.8
4,Malek,Hamdi,2026-08-22 10:15:48,57.9
4,Malek,Hamdi,2026-08-25 17:40:52,54.3
4,Malek,Hamdi,2026-08-28 17:30:53,58.6
4,Malek,Hamdi,2026-08-29 10:00:09,56.9
4,Malek,Hamdi,2026-09-01 17:00:53,65.7
4,Malek,Hamdi,2026-09-03 17:40:44,64.2
4,Malek,Hamdi,2026-09-04 17:50:18,49.6
4,Malek,Hamdi,2026-09-05 10:30:26,59.8
5,Zied,Gharbi,2026-07-11 10:15:19,47.7
5,Zied,Gharbi,2026-07-16 15:20:53,63.1
5,Zied,Gharbi,2026-07-20 15:10:30,53.9
5,Zied,Gharbi,2026-07-23 15:10:42,47.5
5,Zied,Gharbi,2026-07-25 10:15:21,68.6
5,Zied,Gharbi,2026-07-27 15:20:34,45.2
5,Zied,Gharbi,2026-07-28 15:30:28,69.2
5,Zied,Gharbi,2026-07-31 15:40:59,58.8
5,Zied,Gharbi,2026-08-01 10:45:01,52.9
5,Zied,Gharbi,2026-08-01 11:30:56,58.3
5,Zied,Gharbi,2026-08-04 15:50:41,48.1
5,Zied,Gharbi,2026-08-04 16:35:29,55.9
5,Zied,Gharbi,2026-08-06 15:00:53,51.6
5,Zied,Gharbi,2026-08-07 15:20:03,51.3
5,Zied,Gharbi,2026-08-07 16:15:02,55.1
5,Zied,Gharbi,2026-08-08 10:00:38,58.0
5,Zied,Gharbi,2026-08-08 10:30:45,70.3
5,Zied,Gharbi,2026-08-10 15:30:22,55.9
5,Zied,Gharbi,2026-08-12 15:00:01,64.5
5,Zied,Gharbi,2026-08-14 15:40:14,57.7
5,Zied,Gharbi,2026-08-15 10:00:05,49.8
5,Zied,Gharbi,2026-08-17 15:00:16,53.0
5,Zied,Gharbi,2026-08-19 15:30:42,59.9
5,Zied,Gharbi,2026-08-21 15:50:04,55.7
5,Zied,Gharbi,2026-08-22 10:45:07,68.0
5,Zied,Gharbi,2026-08-25 15:30:38,62.5
5,Zied,Gharbi,2026-08-28 15:30:09,59.8
5,Zied,Gharbi,2026-08-28 15:50:46,57.1
5,Zied,Gharbi,2026-08-28 16:15:56,68.8
5,Zied,Gharbi,2026-08-29 10:00:10,77.2
5,Zied,Gharbi,2026-08-31 15:20:37,66.4
5,Zied,Gharbi,2026-09-01 15:20:00,59.7
5,Zied,Gharbi,2026-09-04 15:00:20,57.6
5,Zied,Gharbi,2026-09-05 10:15:32,57.0
5,Zied,Gharbi,2026-09-05 11:15:14,77.8
5,Zied,Gharbi,2026-09-08 15:00:57,72.5
5,Zied,Gharbi,2026-09-10 15:20:36,55.3
5,Zied,Gharbi,2026-09-15 15:00:59,74.9
5,Zied,Gharbi,2026-09-16 15:40:05,58.6
5,Zied,Gharbi,2026-09-19 10:00:58,71.5
5,Zied,Gharbi,2026-09-19 11:00:59,69.6
5,Zied,Gharbi,2026-09-21 15:40:59,63.5
6,Eya,Haddad,2026-06-25 17:50:08,49.8
6,Eya,Haddad,2026-06-30 17:50:09,57.7
6,Eya,Haddad,2026-07-03 17:30:44,59.3
6,Eya,Haddad,2026-07-04 10:15:59,47.0
6,Eya,Haddad,2026-07-09 17:10:51,58.9
6,Eya,Haddad,2026-07-09 17:40:51,63.8
6,Eya,Haddad,2026-07-11 10:30:32,45.3
6,Eya,Haddad,2026-07-16 17:40:44,36.2
6,Eya,Haddad,2026-07-17 17:50:59,51.8
6,Eya,Haddad,2026-07-18 10:30:43,46.4
6,Eya,Haddad,2026-07-18 11:00:39,44.2
6,Eya,Haddad,2026-07-24 17:00:10,50.9
6,Eya,Haddad,2026-07-24 17:50:04,58.5
6,Eya,Haddad,2026-07-25 10:00:52,40.7
6,Eya,Haddad,2026-07-27 17:00:17,66.2
6,Eya,Haddad,2026-07-28 17:10:31,52.5
6,Eya,Haddad,2026-07-28 17:45:35,65.0
6,Eya,Haddad,2026-07-31 17:00:11,63.2
6,Eya,Haddad,2026-08-01 10:15:12,54.2
6,Eya,Haddad,2026-08-03 17:40:38,59.7
6,Eya,Haddad,2026-08-04 17:30:44,62.2
6,Eya,Haddad,2026-08-06 17:30:06,63.1
6,Eya,Haddad,2026-08-07 17:50:20,54.2
6,Eya,Haddad,2026-08-08 10:30:09,50.5
6,Eya,Haddad,2026-08-10 17:40:04,61.6
6,Eya,Haddad,2026-08-12 17:20:34,55.6
6,Eya,Haddad,2026-08-13 17:20:13,65.5
6,Eya,Haddad,2026-08-15 10:30:05,57.6
6,Eya,Haddad,2026-08-15 11:00:20,68.8
6,Eya,Haddad,2026-08-15 11:30:14,69.0
6,Eya,Haddad,2026-08-17 17:40:13,53.9
6,Eya,Haddad,2026-08-18 17:00:06,50.8
6,Eya,Haddad,2026-08-19 17:40:44,66.9
6,Eya,Haddad,2026-08-20 17:50:57,61.0
6,Eya,Haddad,2026-08-21 17:30:28,61.8
6,Eya,Haddad,2026-08-21 17:50:21,47.1
6,Eya,Haddad,2026-08-22 10:15:01,69.9
6,Eya,Haddad,2026-08-24 17:40:13,57.2
6,Eya,Haddad,2026-08-24 18:35:00,56.1
6,Eya,Haddad,2026-08-26 17:00:37,43.7
6,Eya,Haddad,2026-08-27 17:00:56,59.9
6,Eya,Haddad,2026-08-27 17:45:24,76.6
6,Eya,Haddad,2026-08-28 17:40:59,53.3
6,Eya,Haddad,2026-08-29 10:00:07,65.6
6,Eya,Haddad,2026-08-31 17:50:39,57.7
6,Eya,Haddad,2026-09-01 17:00:40,55.0
6,Eya,Haddad,2026-09-02 17:40:24,52.8
6,Eya,Haddad,2026-09-03 17:50:22,67.3
6,Eya,Haddad,2026-09-04 17:10:51,66.7
6,Eya,Haddad,2026-09-05 10:45:44,55.8
6,Eya,Haddad,2026-09-07 17:50:48,56.1
6,Eya,Haddad,2026-09-08 17:30:57,62.9
6,Eya,Haddad,2026-09-08 18:25:58,50.8
6,Eya,Haddad,2026-09-09 17:10:20,72.4
6,Eya,Haddad,2026-09-11 17:30:17,66.9
6,Eya,Haddad,2026-09-11 18:35:06,75.1
6,Eya,Haddad,2026-09-12 10:30:50,66.5
6,Eya,Haddad,2026-09-12 11:30:25,61.9
6,Eya,Haddad,2026-09-16 17:40:15,72.0
6,Eya,Haddad,2026-09-17 17:30:10,50.3
6,Eya,Haddad,2026-09-17 18:05:10,69.6
6,Eya,Haddad,2026-09-17 18:25:53,70.1
6,Eya,Haddad,2026-09-19 09:30:52,72.8
6,Eya,Haddad,2026-09-19 10:15:43,68.2
6,Eya,Haddad,2026-09-19 10:45:27,80.2
6,Eya,Haddad,2026-09-19 11:45:07,70.6
7,Yassine,Sassi,2026-06-12 17:00:44,44.9
7,Yassine,Sassi,2026-06-19 17:30:00,43.4
7,Yassine,Sassi,2026-06-19 18:25:28,43.5
7,Yassine,Sassi,2026-06-24 17:50:41,65.6
7,Yassine,Sassi,2026-06-24 18:35:11,53.7
7,Yassine,Sassi,2026-06-27 10:45:42,45.6
7,Yassine,Sassi,2026-07-01 17:50:50,54.5
7,Yassine,Sassi,2026-07-02 17:30:14,58.7
7,Yassine,Sassi,2026-07-07 17:00:01,74.2
7,Yassine,Sassi,2026-07-07 17:45:19,52.6
7,Yassine,Sassi,2026-07-11 10:15:39,65.3
7,Yassine,Sassi,2026-07-13 17:20:49,56.8
7,Yassine,Sassi,2026-07-17 17:20:15,59.7
7,Yassine,Sassi,2026-07-18 10:30:29,52.5
7,Yassine,Sassi,2026-07-22 17:20:34,59.1
7,Yassine,Sassi,2026-07-28 17:50:41,59.0
7,Yassine,Sassi,2026-07-31 17:40:53,66.3
7,Yassine,Sassi,2026-08-01 10:15:33,58.7
7,Yassine,Sassi,2026-08-05 17:00:03,48.9
7,Yassine,Sassi,2026-08-08 10:15:37,56.7
7,Yassine,Sassi,2026-08-10 17:50:50,68.5
7,Yassine,Sassi,2026-08-13 17:40:17,61.3
7,Yassine,Sassi,2026-08-14 17:50:51,60.4
7,Yassine,Sassi,2026-08-18 17:10:30,63.7
7,Yassine,Sassi,2026-08-19 17:40:42,55.5
7,Yassine,Sassi,2026-08-21 17:00:41,62.1
7,Yassine,Sassi,2026-08-26 17:30:21,61.7
7,Yassine,Sassi,2026-08-27 17:40:24,58.7
7,Yassine,Sassi,2026-08-31 17:10:17,71.0
7,Yassine,Sassi,2026-09-01 17:00:43,56.1
7,Yassine,Sassi,2026-09-05 10:15:34,61.7
8,Hiba,Khelifi,2026-06-24 16:40:30,59.4
8,Hiba,Khelifi,2026-06-30 16:50:21,66.8
8,Hiba,Khelifi,2026-07-16 16:10:25,55.7
8,Hiba,Khelifi,2026-07-21 16:10:55,72.6
8,Hiba,Khelifi,2026-07-25 10:00:06,64.5
8,Hiba,Khelifi,2026-07-30 16:00:53,61.9
8,Hiba,Khelifi,2026-08-01 10:15:49,57.5
8,Hiba,Khelifi,2026-08-24 16:50:18,68.0
8,Hiba,Khelifi,2026-08-29 10:30:11,64.0
8,Hiba,Khelifi,2026-09-03 16:50:17,82.6
8,Hiba,Khelifi,2026-09-10 16:00:23,60.1
8,Hiba,Khelifi,2026-09-14 16:20:40,57.8
8,Hiba,Khelifi,2026-09-19 10:45:56,65.3
9,Adam,Mejri,2026-06-11 17:20:05,53.6
9,Adam,Mejri,2026-06-13 10:15:12,44.0
9,Adam,Mejri,2026-06-18 17:30:31,48.2
9,Adam,Mejri,2026-06-23 17:00:53,54.5
9,Adam,Mejri,2026-06-30 17:50:11,45.2
9,Adam,Mejri,2026-07-04 10:00:46,61.8
9,Adam,Mejri,2026-07-10 17:00:38,49.9
9,Adam,Mejri,2026-07-11 10:30:13,48.2
9,Adam,Mejri,2026-07-14 17:20:34,61.0
9,Adam,Mejri,2026-07-20 17:30:10,49.7
9,Adam,Mejri,2026-07-23 17:20:26,48.2
9,Adam,Mejri,2026-07-28 17:00:30,52.8
9,Adam,Mejri,2026-07-31 17:40:57,59.8
9,Adam,Mejri,2026-08-01 10:15:08,61.9
9,Adam,Mejri,2026-08-04 17:30:18,51.7
9,Adam,Mejri,2026-08-07 17:00:49,60.6
9,Adam,Mejri,2026-08-08 10:00:06,58.7
9,Adam,Mejri,2026-08-11 17:30:29,66.3
9,Adam,Mejri,2026-08-14 17:40:45,54.1
9,Adam,Mejri,2026-08-15 10:30:49,69.5
9,Adam,Mejri,2026-08-21 17:10:03,64.3
9,Adam,Mejri,2026-08-21 17:55:01,59.2
9,Adam,Mejri,2026-08-24 17:20:32,63.8
9,Adam,Mejri,2026-08-28 17:30:14,60.8
9,Adam,Mejri,2026-08-29 10:30:26,50.2
10,Maya,Trabelsi,2026-06-17 17:20:54,49.6
10,Maya,Trabelsi,2026-06-19 17:50:36,44.8
10,Maya,Trabelsi,2026-06-22 17:00:41,42.8
10,Maya,Trabelsi,2026-06-25 17:30:47,61.8
10,Maya,Trabelsi,2026-06-30 17:00:20,61.1
10,Maya,Trabelsi,2026-07-16 17:50:29,50.5
10,Maya,Trabelsi,2026-07-18 10:45:27,58.2
10,Maya,Trabelsi,2026-07-22 17:00:16,66.5
10,Maya,Trabelsi,2026-07-25 10:00:18,67.2
10,Maya,Trabelsi,2026-07-31 17:10:36,49.9
10,Maya,Trabelsi,2026-08-03 17:50:35,62.3
10,Maya,Trabelsi,2026-08-06 17:50:00,52.6
10,Maya,Trabelsi,2026-08-08 10:15:47,69.8
10,Maya,Trabelsi,2026-08-10 17:00:21,60.0
10,Maya,Trabelsi,2026-08-10 17:20:55,50.5
10,Maya,Trabelsi,2026-08-13 17:40:05,52.2
10,Maya,Trabelsi,2026-08-15 10:15:47,61.0
10,Maya,Trabelsi,2026-08-15 11:00:06,64.3
10,Maya,Trabelsi,2026-08-19 17:30:04,55.7
10,Maya,Trabelsi,2026-08-21 17:40:58,49.9
10,Maya,Trabelsi,2026-08-25 17:50:31,54.3
10,Maya,Trabelsi,2026-08-27 17:50:05,67.2
10,Maya,Trabelsi,2026-08-29 10:30:23,73.8
10,Maya,Trabelsi,2026-09-01 17:50:25,56.7
10,Maya,Trabelsi,2026-09-05 10:45:12,69.9
10,Maya,Trabelsi,2026-09-09 17:20:22,70.9
10,Maya,Trabelsi,2026-09-10 17:40:51,64.3
10,Maya,Trabelsi,2026-09-11 17:50:33,66.3
10,Maya,Trabelsi,2026-09-12 10:15:37,56.8
10,Maya,Trabelsi,2026-09-17 17:20:28,65.3
11,Sirine,Ben Salah,2026-05-27 16:30:20,53.2
11,Sirine,Ben Salah,2026-05-30 10:45:54,51.3
11,Sirine,Ben Salah,2026-06-02 16:50:43,60.4
11,Sirine,Ben Salah,2026-06-06 10:30:38,46.6
11,Sirine,Ben Salah,2026-06-11 16:50:03,56.1
11,Sirine,Ben Salah,2026-06-12 16:10:50,48.3
11,Sirine,Ben Salah,2026-06-15 16:50:56,51.9
11,Sirine,Ben Salah,2026-06-17 16:00:55,54.0
11,Sirine,Ben Salah,2026-06-18 16:20:08,61.1
11,Sirine,Ben Salah,2026-06-19 16:30:54,55.4
11,Sirine,Ben Salah,2026-06-20 10:30:43,59.8
11,Sirine,Ben Salah,2026-06-22 16:00:38,48.5
11,Sirine,Ben Salah,2026-06-23 16:50:44,51.1
11,Sirine,Ben Salah,2026-06-24 16:10:48,46.8
11,Sirine,Ben Salah,2026-06-27 10:30:03,69.1
11,Sirine,Ben Salah,2026-06-29 16:00:04,59.4
11,Sirine,Ben Salah,2026-06-29 16:45:08,48.1
11,Sirine,Ben Salah,2026-07-01 16:30:20,48.7
11,Sirine,Ben Salah,2026-07-02 16:00:58,54.3
11,Sirine,Ben Salah,2026-07-04 10:30:33,60.4
11,Sirine,Ben Salah,2026-07-07 16:30:52,64.9
11,Sirine,Ben Salah,2026-07-09 16:20:23,67.4
11,Sirine,Ben Salah,2026-07-09 17:05:41,61.7
11,Sirine,Ben Salah,2026-07-11 10:00:44,70.2
11,Sirine,Ben Salah,2026-07-14 16:40:56,69.5
11,Sirine,Ben Salah,2026-07-17 16:40:19,53.5
12,Rim,Ayari,2026-08-01 10:00:32,44.1
12,Rim,Ayari,2026-08-07 15:00:51,53.1
12,Rim,Ayari,2026-08-12 15:50:22,47.4
12,Rim,Ayari,2026-08-15 10:00:47,37.8
12,Rim,Ayari,2026-08-21 15:50:04,54.4
12,Rim,Ayari,2026-09-05 10:15:44,43.3
12,Rim,Ayari,2026-09-12 10:30:53,43.9
12,Rim,Ayari,2026-09-15 15:10:28,48.3
12,Rim,Ayari,2026-09-19 10:45:39,45.8
13,Nour,Zouari,2026-07-29 15:50:22,51.9
13,Nour,Zouari,2026-08-03 15:20:43,53.5
13,Nour,Zouari,2026-08-06 15:50:58,55.8
13,Nour,Zouari,2026-08-08 10:15:20,62.3
13,Nour,Zouari,2026-08-08 10:45:51,63.6
13,Nour,Zouari,2026-08-12 15:40:45,60.9
13,Nour,Zouari,2026-08-14 15:00:24,72.4
13,Nour,Zouari,2026-08-15 10:45:32,48.7
13,Nour,Zouari,2026-08-18 15:30:24,57.5
13,Nour,Zouari,2026-08-20 15:00:58,50.9
13,Nour,Zouari,2026-08-22 10:30:08,57.7
13,Nour,Zouari,2026-08-29 10:00:42,58.3
13,Nour,Zouari,2026-09-01 15:10:33,52.4
13,Nour,Zouari,2026-09-03 15:50:26,58.6
13,Nour,Zouari,2026-09-05 10:30:04,69.9
13,Nour,Zouari,2026-09-09 15:30:27,66.9
14,Ilyes,Belhaj,2026-07-20 15:30:54,81.2
14,Ilyes,Belhaj,2026-07-22 15:40:47,58.1
14,Ilyes,Belhaj,2026-07-27 15:40:54,71.2
14,Ilyes,Belhaj,2026-07-29 15:30:06,69.8
14,Ilyes,Belhaj,2026-08-03 15:00:03,47.8
14,Ilyes,Belhaj,2026-08-08 10:00:30,44.4
14,Ilyes,Belhaj,2026-08-11 15:30:04,47.7
14,Ilyes,Belhaj,2026-08-15 10:30:14,53.6
14,Ilyes,Belhaj,2026-08-19 15:20:13,61.2
14,Ilyes,Belhaj,2026-08-22 10:30:28,54.6
14,Ilyes,Belhaj,2026-08-26 15:00:30,56.4
14,Ilyes,Belhaj,2026-08-26 15:20:35,57.9
14,Ilyes,Belhaj,2026-08-29 10:15:50,59.5
14,Ilyes,Belhaj,2026-08-29 10:45:49,81.3
14,Ilyes,Belhaj,2026-09-01 15:40:32,55.5
14,Ilyes,Belhaj,2026-09-04 15:20:49,50.8
14,Ilyes,Belhaj,2026-09-04 15:40:01,53.3
14,Ilyes,Belhaj,2026-09-07 15:40:20,65.5
14,Ilyes,Belhaj,2026-09-08 15:40:01,59.7
14,Ilyes,Belhaj,2026-09-09 15:20:18,46.7
15,Aymen,Nasri,2026-08-17 17:30:33,41.5
15,Aymen,Nasri,2026-08-22 10:45:32,56.5
15,Aymen,Nasri,2026-08-25 17:40:23,67.3
15,Aymen,Nasri,2026-08-25 18:35:44,58.8
15,Aymen,Nasri,2026-08-27 17:30:46,47.8
15,Aymen,Nasri,2026-08-29 10:00:15,55.4
15,Aymen,Nasri,2026-08-29 10:45:08,50.9
15,Aymen,Nasri,2026-08-31 17:20:54,61.5
15,Aymen,Nasri,2026-09-02 17:20:18,55.1
15,Aymen,Nasri,2026-09-02 18:05:20,56.1
15,Aymen,Nasri,2026-09-05 10:15:33,60.1
15,Aymen,Nasri,2026-09-07 17:10:01,48.3
15,Aymen,Nasri,2026-09-08 17:10:59,53.5
15,Aymen,Nasri,2026-09-10 17:40:59,44.9
15,Aymen,Nasri,2026-09-12 10:45:12,54.5
16,Rayan,Mansouri,2026-08-08 10:00:25,58.7
16,Rayan,Mansouri,2026-08-11 16:10:02,50.7
16,Rayan,Mansouri,2026-08-17 16:30:44,51.9
16,Rayan,Mansouri,2026-08-24 16:10:00,64.4
16,Rayan,Mansouri,2026-08-25 16:20:09,66.0
16,Rayan,Mansouri,2026-08-26 16:40:57,51.0
16,Rayan,Mansouri,2026-08-29 10:00:03,59.4
16,Rayan,Mansouri,2026-08-29 10:45:47,61.7
16,Rayan,Mansouri,2026-09-03 16:50:01,61.2
16,Rayan,Mansouri,2026-09-04 16:10:54,44.3
16,Rayan,Mansouri,2026-09-08 16:40:26,76.8
16,Rayan,Mansouri,2026-09-10 16:10:04,54.2
16,Rayan,Mansouri,2026-09-12 10:30:50,64.0
16,Rayan,Mansouri,2026-09-17 16:20:26,65.4
16,Rayan,Mansouri,2026-09-17 16:55:06,50.1
16,Rayan,Mansouri,2026-09-22 16:30:42,51.7
17,Skander,Karoui,2026-06-06 10:00:19,48.2
17,Skander,Karoui,2026-06-11 17:50:59,59.6
17,Skander,Karoui,2026-06-15 17:50:32,46.2
17,Skander,Karoui,2026-06-20 10:15:13,51.2
17,Skander,Karoui,2026-06-24 17:10:18,45.0
17,Skander,Karoui,2026-06-27 10:00:10,49.8
17,Skander,Karoui,2026-06-27 10:45:15,54.4
17,Skander,Karoui,2026-07-02 17:10:26,43.9
17,Skander,Karoui,2026-07-04 10:45:11,58.9
17,Skander,Karoui,2026-07-10 17:10:46,43.1
17,Skander,Karoui,2026-07-11 10:45:28,54.6
17,Skander,Karoui,2026-07-15 17:10:58,47.9
17,Skander,Karoui,2026-07-17 17:00:27,60.4
17,Skander,Karoui,2026-07-18 10:00:21,54.3
17,Skander,Karoui,2026-07-18 10:30:43,55.7
17,Skander,Karoui,2026-07-23 17:20:30,55.9
18,Lina,Chaouch,2026-07-03 16:00:49,28.1
18,Lina,Chaouch,2026-07-07 16:10:42,24.6
18,Lina,Chaouch,2026-07-11 10:30:29,56.0
18,Lina,Chaouch,2026-07-14 16:00:51,58.8
18,Lina,Chaouch,2026-07-23 16:40:33,64.6
18,Lina,Chaouch,2026-07-25 10:15:44,50.8
18,Lina,Chaouch,2026-07-31 16:30:40,41.7
18,Lina,Chaouch,2026-07-31 16:50:55,41.4
18,Lina,Chaouch,2026-08-04 16:50:35,29.6
18,Lina,Chaouch,2026-08-05 16:30:18,66.3
18,Lina,Chaouch,2026-08-07 16:10:48,54.9
18,Lina,Chaouch,2026-08-08 10:30:38,56.7
18,Lina,Chaouch,2026-08-08 11:15:22,43.0
18,Lina,Chaouch,2026-08-11 16:50:03,55.8
18,Lina,Chaouch,2026-08-12 16:00:50,68.2
18,Lina,Chaouch,2026-08-13 16:50:59,48.3
18,Lina,Chaouch,2026-08-15 10:45:06,62.3
18,Lina,Chaouch,2026-08-18 16:20:43,45.1
18,Lina,Chaouch,2026-08-19 16:40:59,66.3
18,Lina,Chaouch,2026-08-22 10:15:18,62.4
18,Lina,Chaouch,2026-08-22 11:00:19,39.0
18,Lina,Chaouch,2026-08-25 16:40:49,79.4
18,Lina,Chaouch,2026-08-28 16:00:36,40.5
18,Lina,Chaouch,2026-08-28 16:20:33,39.0
18,Lina,Chaouch,2026-08-29 10:15:51,54.3
18,Lina,Chaouch,2026-08-31 16:50:27,45.8
18,Lina,Chaouch,2026-09-01 16:10:55,55.3
18,Lina,Chaouch,2026-09-03 16:00:24,60.4
18,Lina,Chaouch,2026-09-04 16:00:25,53.9
18,Lina,Chaouch,2026-09-08 16:20:18,56.5
19,Mohamed,Slimani,2026-06-11 16:10:50,45.6
19,Mohamed,Slimani,2026-06-16 16:10:03,48.8
19,Mohamed,Slimani,2026-06-20 10:00:16,47.2
19,Mohamed,Slimani,2026-07-08 16:40:13,48.4
19,Mohamed,Slimani,2026-07-16 16:30:56,73.0
19,Mohamed,Slimani,2026-08-01 10:45:05,60.2
19,Mohamed,Slimani,2026-08-08 10:00:08,69.9
19,Mohamed,Slimani,2026-08-25 16:00:31,63.2
19,Mohamed,Slimani,2026-08-29 10:45:13,68.7
19,Mohamed,Slimani,2026-09-05 10:00:45,74.7
19,Mohamed,Slimani,2026-09-08 16:40:14,75.4
19,Mohamed,Slimani,2026-09-11 16:00:31,72.5
20,Omar,Dridi,2026-05-26 16:20:38,41.6
20,Omar,Dridi,2026-05-29 16:00:50,41.6
20,Omar,Dridi,2026-06-03 16:30:17,36.8
20,Omar,Dridi,2026-06-06 10:45:50,49.3
20,Omar,Dridi,2026-06-09 16:40:48,42.5
20,Omar,Dridi,2026-06-11 16:00:42,52.4
20,Omar,Dridi,2026-06-11 16:20:46,44.2
20,Omar,Dridi,2026-06-15 16:30:27,47.6
20,Omar,Dridi,2026-06-19 16:10:38,42.4
20,Omar,Dridi,2026-06-20 10:00:50,45.7
20,Omar,Dridi,2026-06-25 16:40:38,53.7
20,Omar,Dridi,2026-07-04 10:15:26,46.7
20,Omar,Dridi,2026-07-13 16:20:32,55.9
20,Omar,Dridi,2026-07-16 16:20:15,48.5
20,Omar,Dridi,2026-07-18 10:30:38,37.5
20,Omar,Dridi,2026-07-21 16:20:57,60.2
20,Omar,Dridi,2026-07-25 10:00:56,63.7
20,Omar,Dridi,2026-08-14 16:00:46,52.3
20,Omar,Dridi,2026-08-17 16:20:16,53.2
20,Omar,Dridi,2026-08-19 16:00:18,59.5
20,Omar,Dridi,2026-08-24 16:30:26,59.7
20,Omar,Dridi,2026-08-26 16:40:56,56.0
20,Omar,Dridi,2026-08-31 16:50:25,47.0
20,Omar,Dridi,2026-09-04 16:50:41,53.5
20,Omar,Dridi,2026-09-08 16:20:03,53.1
