patient_id,first_name,last_name,session_date,score
1,Yasmine,Bouzid,2026-04-30 15:50:31,60.6
1,Yasmine,Bouzid,2026-05-04 15:00:15,52.5
1,Yasmine,Bouzid,2026-05-05 15:20:38,47.1
1,Yasmine,Bouzid,2026-05-07 15:00:09,63.8
1,Yasmine,Bouzid,2026-05-08 15:20:48,48.7
1,Yasmine,Bouzid,2026-05-12 15:10:22,60.3
1,Yasmine,Bouzid,2026-05-12 15:55:04,57.5
1,Yasmine,Bouzid,2026-05-16 10:45:20,62.7
1,Yasmine,Bouzid,2026-05-18 15:00:36,52.9
1,Yasmine,Bouzid,2026-05-21 15:40:50,61.0
1,Yasmine,Bouzid,2026-05-22 15:50:42,50.6
1,Yasmine,Bouzid,2026-05-25 15:20:30,68.5
1,Yasmine,Bouzid,2026-05-28 15:50:49,48.6
1,Yasmine,Bouzid,2026-05-30 10:15:13,68.9
1,Yasmine,Bouzid,2026-06-15 15:30:51,58.1
1,Yasmine,Bouzid,2026-06-17 15:40:41,65.4
1,Yasmine,Bouzid,2026-06-20 10:00:32,63.3
1,Yasmine,Bouzid,2026-06-20 10:30:31,60.3
1,Yasmine,Bouzid,2026-06-27 10:00:27,68.2
1,Yasmine,Bouzid,2026-06-27 10:45:14,54.1
1,Yasmine,Bouzid,2026-07-01 15:00:53,65.7
1,Yasmine,Bouzid,2026-07-07 15:50:21,61.6
1,Yasmine,Bouzid,2026-07-13 15:10:20,65.1
1,Yasmine,Bouzid,2026-07-17 15:00:21,72.1
1,Yasmine,Bouzid,2026-07-17 15:55:17,68.2
1,Yasmine,Bouzid,2026-07-21 15:30:00,79.5
2,Amira,Jebali,2026-06-23 15:40:41,45.8
2,Amira,Jebali,2026-06-27 10:45:44,50.0
2,Amira,Jebali,2026-07-03 15:00:38,56.7
2,Amira,Jebali,2026-07-04 10:15:37,57.4
2,Amira,Jebali,2026-07-09 15:50:54,51.4
2,Amira,Jebali,2026-07-11 10:15:52,55.7
2,Amira,Jebali,2026-07-14 15:20:38,51.1
2,Amira,Jebali,2026-07-16 15:20:56,58.2
2,Amira,Jebali,2026-07-18 10:15:14,51.3
2,Amira,Jebali,2026-07-18 10:45:29,50.7
2,Amira,Jebali,2026-07-23 15:20:37,65.9
2,Amira,Jebali,2026-07-25 10:45:51,56.0
2,Amira,Jebali,2026-07-28 15:50:36,53.0
2,Amira,Jebali,2026-07-31 15:10:58,58.5
2,Amira,Jebali,2026-08-05 15:10:04,54.9
2,Amira,Jebali,2026-08-08 10:15:00,51.2
2,Amira,Jebali,2026-08-15 10:00:13,58.3
2,Amira,Jebali,2026-08-15 10:30:57,55.7
2,Amira,Jebali,2026-08-18 15:00:45,64.6
2,Amira,Jebali,2026-08-21 15:00:49,49.5
2,Amira,Jebali,2026-08-21 15:40:44,54.3
2,Amira,Jebali,2026-08-24 15:20:57,57.8
2,Amira,Jebali,2026-08-27 15:50:59,53.0
2,Amira,Jebali,2026-08-29 10:15:09,57.6
3,Fatma,Tlili,2026-05-23 10:45:44,49.5
3,Fatma,Tlili,2026-06-08 15:20:54,55.8
3,Fatma,Tlili,2026-06-10 15:50:05,41.8
3,Fatma,Tlili,2026-06-12 15:10:00,55.5
3,Fatma,Tlili,2026-06-15 15:00:19,53.6
3,Fatma,Tlili,2026-06-19 15:40:01,51.2
3,Fatma,Tlili,2026-06-20 10:15:19,51.4
3,Fatma,Tlili,2026-06-23 15:00:44,56.3
3,Fatma,Tlili,2026-06-27 10:00:26,56.6
3,Fatma,Tlili,2026-07-18 10:45:49,48.0
3,Fatma,Tlili,2026-07-22 15:40:31,60.3
3,Fatma,Tlili,2026-07-25 10:00:56,56.0
3,Fatma,Tlili,2026-07-28 15:30:01,64.1
3,Fatma,Tlili,2026-08-01 10:30:35,52.9
3,Fatma,Tlili,2026-08-05 15:50:19,65.8
3,Fatma,Tlili,2026-08-07 15:50:04,50.1
3,Fatma,Tlili,2026-08-10 15:30:00,47.2
3,Fatma,Tlili,2026-08-12 15:30:10,50.4
3,Fatma,Tlili,2026-08-15 10:45:30,50.6
3,Fatma,Tlili,2026-08-17 15:00:45,63.3
3,Fatma,Tlili,2026-08-20 15:40:36,62.2
3,Fatma,Tlili,2026-08-22 10:30:49,55.6
3,Fatma,Tlili,2026-08-28 15:10:39,62.9
3,Fatma,Tlili,2026-09-01 15:30:06,62.8
3,Fatma,Tlili,2026-09-03 15:40:29,60.9
3,Fatma,Tlili,2026-09-05 10:15:43,61.4
3,Fatma,Tlili,2026-09-05 11:15:24,55.3
3,Fatma,Tlili,2026-09-08 15:00:27,72.6
3,Fatma,Tlili,2026-09-08 15:40:30,56.9
3,Fatma,Tlili,2026-09-10 15:00:06,57.9
3,Fatma,Tlili,2026-09-10 15:20:45,60.1
3,Fatma,Tlili,2026-09-12 10:00:55,56.9
4,Malek,Hamdi,2026-07-14 17:00:19,52.3
4,Malek,Hamdi,2026-07-16 17:10:57,51.1
4,Malek,Hamdi,2026-07-16 17:40:28,45.4
4,Malek,Hamdi,2026-07-18 10:30:51,39.3
4,Malek,Hamdi,2026-07-18 11:30:19,56.3
4,Malek,Hamdi,2026-07-20 17:20:36,60.3
4,Malek,Hamdi,2026-07-22 17:40:43,54.0
4,Malek,Hamdi,2026-07-25 10:00:08,50.9
4,Malek,Hamdi,2026-07-29 17:30:19,50.8
4,Malek,Hamdi,2026-08-01 10:45:23,56.1
4,Malek,Hamdi,2026-08-01 11:15:14,54.0
4,Malek,Hamdi,2026-08-04 17:00:33,55.9
4,Malek,Hamdi,2026-08-04 17:20:24,48.3
4,Malek,Hamdi,2026-08-07 17:40:36,60.1
4,Malek,Hamdi,2026-08-08 10:15:33,50.9
4,Malek,Hamdi,2026-08-12 17:40:31,58.4
4,Malek,Hamdi,2026-08-14 17:20:38,57.4
4,Malek,Hamdi,2026-08-15 10:00:18,65.3
4,Malek,Hamdi,2026-08-22 10:15:48,58.5
4,Malek,Hamdi,2026-08-25 17:40:52,56.0
4,Malek,Hamdi,2026-08-28 17:30:53,61.3
4,Malek,Hamdi,2026-08-29 10:00:09,58.6
4,Malek,Hamdi,2026-09-01 17:00:53,59.6
4,Malek,Hamdi,2026-09-03 17:40:44,58.9
4,Malek,Hamdi,2026-09-04 17:50:18,60.7
4,Malek,Hamdi,2026-09-05 10:30:26,51.2
5,Zied,Gharbi,2026-07-11 10:15:19,42.7
5,Zied,Gharbi,2026-07-16 15:20:53,55.4
5,Zied,Gharbi,2026-07-20 15:10:30,58.6
5,Zied,Gharbi,2026-07-23 15:10:42,54.3
5,Zied,Gharbi,2026-07-25 10:15:21,66.1
5,Zied,Gharbi,2026-07-27 15:20:34,38.5
5,Zied,Gharbi,2026-07-28 15:30:28,67.2
5,Zied,Gharbi,2026-07-31 15:40:59,47.4
5,Zied,Gharbi,2026-08-01 10:45:01,44.8
5,Zied,Gharbi,2026-08-01 11:30:56,63.5
5,Zied,Gharbi,2026-08-04 15:50:41,55.2
5,Zied,Gharbi,2026-08-04 16:35:29,44.5
5,Zied,Gharbi,2026-08-06 15:00:53,47.1
5,Zied,Gharbi,2026-08-07 15:20:03,48.4
5,Zied,Gharbi,2026-08-07 16:15:02,65.7
5,Zied,Gharbi,2026-08-08 10:00:38,60.5
5,Zied,Gharbi,2026-08-08 10:30:45,70.7
5,Zied,Gharbi,2026-08-10 15:30:22,58.8
5,Zied,Gharbi,2026-08-12 15:00:01,68.6
5,Zied,Gharbi,2026-08-14 15:40:14,54.1
5,Zied,Gharbi,2026-08-15 10:00:05,47.8
5,Zied,Gharbi,2026-08-17 15:00:16,52.8
5,Zied,Gharbi,2026-08-19 15:30:42,57.6
5,Zied,Gharbi,2026-08-21 15:50:04,51.6
5,Zied,Gharbi,2026-08-22 10:45:07,58.6
5,Zied,Gharbi,2026-08-25 15:30:38,55.7
5,Zied,Gharbi,2026-08-28 15:30:09,60.7
5,Zied,Gharbi,2026-08-28 15:50:46,59.5
5,Zied,Gharbi,2026-08-28 16:15:56,71.1
5,Zied,Gharbi,2026-08-29 10:00:10,73.7
5,Zied,Gharbi,2026-08-31 15:20:37,66.1
5,Zied,Gharbi,2026-09-01 15:20:00,65.3
5,Zied,Gharbi,2026-09-04 15:00:20,58.1
5,Zied,Gharbi,2026-09-05 10:15:32,62.9
5,Zied,Gharbi,2026-09-05 11:15:14,67.6
5,Zied,Gharbi,2026-09-08 15:00:57,71.8
5,Zied,Gharbi,2026-09-10 15:20:36,53.6
5,Zied,Gharbi,2026-09-15 15:00:59,71.4
5,Zied,Gharbi,2026-09-16 15:40:05,60.7
5,Zied,Gharbi,2026-09-19 10:00:58,73.0
5,Zied,Gharbi,2026-09-19 11:00:59,73.9
5,Zied,Gharbi,2026-09-21 15:40:59,59.4
6,Eya,Haddad,2026-06-25 17:50:08,49.5
6,Eya,Haddad,2026-06-30 17:50:09,55.5
6,Eya,Haddad,2026-07-03 17:30:44,51.3
6,Eya,Haddad,2026-07-04 10:15:59,54.3
6,Eya,Haddad,2026-07-09 17:10:51,51.9
6,Eya,Haddad,2026-07-09 17:40:51,64.9
6,Eya,Haddad,2026-07-11 10:30:32,44.9
6,Eya,Haddad,2026-07-16 17:40:44,39.3
6,Eya,Haddad,2026-07-17 17:50:59,44.0
6,Eya,Haddad,2026-07-18 10:30:43,45.1
6,Eya,Haddad,2026-07-18 11:00:39,45.7
6,Eya,Haddad,2026-07-24 17:00:10,51.1
6,Eya,Haddad,2026-07-24 17:50:04,53.7
6,Eya,Haddad,2026-07-25 10:00:52,43.2
6,Eya,Haddad,2026-07-27 17:00:17,57.8
6,Eya,Haddad,2026-07-28 17:10:31,47.0
6,Eya,Haddad,2026-07-28 17:45:35,58.2
6,Eya,Haddad,2026-07-31 17:00:11,62.2
6,Eya,Haddad,2026-08-01 10:15:12,53.6
6,Eya,Haddad,2026-08-03 17:40:38,57.8
6,Eya,Haddad,2026-08-04 17:30:44,57.4
6,Eya,Haddad,2026-08-06 17:30:06,64.2
6,Eya,Haddad,2026-08-07 17:50:20,62.6
6,Eya,Haddad,2026-08-08 10:30:09,53.2
6,Eya,Haddad,2026-08-10 17:40:04,57.1
6,Eya,Haddad,2026-08-12 17:20:34,51.8
6,Eya,Haddad,2026-08-13 17:20:13,63.2
6,Eya,Haddad,2026-08-15 10:30:05,60.8
6,Eya,Haddad,2026-08-15 11:00:20,64.9
6,Eya,Haddad,2026-08-15 11:30:14,70.7
6,Eya,Haddad,2026-08-17 17:40:13,57.5
6,Eya,Haddad,2026-08-18 17:00:06,55.9
6,Eya,Haddad,2026-08-19 17:40:44,65.2
6,Eya,Haddad,2026-08-20 17:50:57,59.3
6,Eya,Haddad,2026-08-21 17:30:28,57.1
6,Eya,Haddad,2026-08-21 17:50:21,59.2
6,Eya,Haddad,2026-08-22 10:15:01,66.3
6,Eya,Haddad,2026-08-24 17:40:13,58.8
6,Eya,Haddad,2026-08-24 18:35:00,57.1
6,Eya,Haddad,2026-08-26 17:00:37,56.5
6,Eya,Haddad,2026-08-27 17:00:56,52.9
6,Eya,Haddad,2026-08-27 17:45:24,73.1
6,Eya,Haddad,2026-08-28 17:40:59,60.0
6,Eya,Haddad,2026-08-29 10:00:07,73.9
6,Eya,Haddad,2026-08-31 17:50:39,61.8
6,Eya,Haddad,2026-09-01 17:00:40,52.4
6,Eya,Haddad,2026-09-02 17:40:24,60.9
6,Eya,Haddad,2026-09-03 17:50:22,70.7
6,Eya,Haddad,2026-09-04 17:10:51,68.4
6,Eya,Haddad,2026-09-05 10:45:44,51.6
6,Eya,Haddad,2026-09-07 17:50:48,68.4
6,Eya,Haddad,2026-09-08 17:30:57,69.6
6,Eya,Haddad,2026-09-08 18:25:58,59.1
6,Eya,Haddad,2026-09-09 17:10:20,60.8
6,Eya,Haddad,2026-09-11 17:30:17,75.0
6,Eya,Haddad,2026-09-11 18:35:06,69.5
6,Eya,Haddad,2026-09-12 10:30:50,61.8
6,Eya,Haddad,2026-09-12 11:30:25,69.5
6,Eya,Haddad,2026-09-16 17:40:15,71.6
6,Eya,Haddad,2026-09-17 17:30:10,57.0
6,Eya,Haddad,2026-09-17 18:05:10,59.5
6,Eya,Haddad,2026-09-17 18:25:53,72.1
6,Eya,Haddad,2026-09-19 09:30:52,70.7
6,Eya,Haddad,2026-09-19 10:15:43,71.6
6,Eya,Haddad,2026-09-19 10:45:27,76.0
6,Eya,Haddad,2026-09-19 11:45:07,61.6
7,Yassine,Sassi,2026-06-12 17:00:44,42.4
7,Yassine,Sassi,2026-06-19 17:30:00,46.4
7,Yassine,Sassi,2026-06-19 18:25:28,47.6
7,Yassine,Sassi,2026-06-24 17:50:41,55.7
7,Yassine,Sassi,2026-06-24 18:35:11,60.8
7,Yassine,Sassi,2026-06-27 10:45:42,47.4
7,Yassine,Sassi,2026-07-01 17:50:50,53.6
7,Yassine,Sassi,2026-07-02 17:30:14,56.7
7,Yassine,Sassi,2026-07-07 17:00:01,63.5
7,Yassine,Sassi,2026-07-07 17:45:19,54.9
7,Yassine,Sassi,2026-07-11 10:15:39,65.5
7,Yassine,Sassi,2026-07-13 17:20:49,51.4
7,Yassine,Sassi,2026-07-17 17:20:15,59.3
7,Yassine,Sassi,2026-07-18 10:30:29,48.2
7,Yassine,Sassi,2026-07-22 17:20:34,57.5
7,Yassine,Sassi,2026-07-28 17:50:41,53.4
7,Yassine,Sassi,2026-07-31 17:40:53,61.4
7,Yassine,Sassi,2026-08-01 10:15:33,68.5
7,Yassine,Sassi,2026-08-05 17:00:03,55.7
7,Yassine,Sassi,2026-08-08 10:15:37,58.8
7,Yassine,Sassi,2026-08-10 17:50:50,53.0
7,Yassine,Sassi,2026-08-13 17:40:17,68.9
7,Yassine,Sassi,2026-08-14 17:50:51,59.1
7,Yassine,Sassi,2026-08-18 17:10:30,58.8
7,Yassine,Sassi,2026-08-19 17:40:42,61.1
7,Yassine,Sassi,2026-08-21 17:00:41,64.1
7,Yassine,Sassi,2026-08-26 17:30:21,65.8
7,Yassine,Sassi,2026-08-27 17:40:24,61.4
7,Yassine,Sassi,2026-08-31 17:10:17,70.3
7,Yassine,Sassi,2026-09-01 17:00:43,59.1
7,Yassine,Sassi,2026-09-05 10:15:34,62.5
8,Hiba,Khelifi,2026-06-24 16:40:30,54.3
8,Hiba,Khelifi,2026-06-30 16:50:21,57.3
8,Hiba,Khelifi,2026-07-16 16:10:25,59.4
8,Hiba,Khelifi,2026-07-21 16:10:55,65.2
8,Hiba,Khelifi,2026-07-25 10:00:06,62.8
8,Hiba,Khelifi,2026-07-30 16:00:53,68.4
8,Hiba,Khelifi,2026-08-01 10:15:49,62.2
8,Hiba,Khelifi,2026-08-24 16:50:18,59.9
8,Hiba,Khelifi,2026-08-29 10:30:11,61.8
8,Hiba,Khelifi,2026-09-03 16:50:17,70.5
8,Hiba,Khelifi,2026-09-10 16:00:23,68.6
8,Hiba,Khelifi,2026-09-14 16:20:40,70.0
8,Hiba,Khelifi,2026-09-19 10:45:56,72.5
9,Adam,Mejri,2026-06-11 17:20:05,44.1
9,Adam,Mejri,2026-06-13 10:15:12,51.9
9,Adam,Mejri,2026-06-18 17:30:31,49.0
9,Adam,Mejri,2026-06-23 17:00:53,55.3
9,Adam,Mejri,2026-06-30 17:50:11,51.9
9,Adam,Mejri,2026-07-04 10:00:46,51.9
9,Adam,Mejri,2026-07-10 17:00:38,57.2
9,Adam,Mejri,2026-07-11 10:30:13,49.5
9,Adam,Mejri,2026-07-14 17:20:34,50.5
9,Adam,Mejri,2026-07-20 17:30:10,49.0
9,Adam,Mejri,2026-07-23 17:20:26,48.8
9,Adam,Mejri,2026-07-28 17:00:30,54.0
9,Adam,Mejri,2026-07-31 17:40:57,51.7
9,Adam,Mejri,2026-08-01 10:15:08,60.2
9,Adam,Mejri,2026-08-04 17:30:18,54.7
9,Adam,Mejri,2026-08-07 17:00:49,59.3
9,Adam,Mejri,2026-08-08 10:00:06,63.4
9,Adam,Mejri,2026-08-11 17:30:29,63.3
9,Adam,Mejri,2026-08-14 17:40:45,56.6
9,Adam,Mejri,2026-08-15 10:30:49,59.3
9,Adam,Mejri,2026-08-21 17:10:03,61.4
9,Adam,Mejri,2026-08-21 17:55:01,57.2
9,Adam,Mejri,2026-08-24 17:20:32,57.4
9,Adam,Mejri,2026-08-28 17:30:14,65.5
9,Adam,Mejri,2026-08-29 10:30:26,55.7
10,Maya,Trabelsi,2026-06-17 17:20:54,45.8
10,Maya,Trabelsi,2026-06-19 17:50:36,52.0
10,Maya,Trabelsi,2026-06-22 17:00:41,56.8
10,Maya,Trabelsi,2026-06-25 17:30:47,57.2
10,Maya,Trabelsi,2026-06-30 17:00:20,62.3
10,Maya,Trabelsi,2026-07-16 17:50:29,56.3
10,Maya,Trabelsi,2026-07-18 10:45:27,55.6
10,Maya,Trabelsi,2026-07-22 17:00:16,60.3
10,Maya,Trabelsi,2026-07-25 10:00:18,60.9
10,Maya,Trabelsi,2026-07-31 17:10:36,53.4
10,Maya,Trabelsi,2026-08-03 17:50:35,66.5
10,Maya,Trabelsi,2026-08-06 17:50:00,50.1
10,Maya,Trabelsi,2026-08-08 10:15:47,63.1
10,Maya,Trabelsi,2026-08-10 17:00:21,64.8
10,Maya,Trabelsi,2026-08-10 17:20:55,53.7
10,Maya,Trabelsi,2026-08-13 17:40:05,54.6
10,Maya,Trabelsi,2026-08-15 10:15:47,69.9
10,Maya,Trabelsi,2026-08-15 11:00:06,64.7
10,Maya,Trabelsi,2026-08-19 17:30:04,63.9
10,Maya,Trabelsi,2026-08-21 17:40:58,62.7
10,Maya,Trabelsi,2026-08-25 17:50:31,64.1
10,Maya,Trabelsi,2026-08-27 17:50:05,68.2
10,Maya,Trabelsi,2026-08-29 10:30:23,72.4
10,Maya,Trabelsi,2026-09-01 17:50:25,60.3
10,Maya,Trabelsi,2026-09-05 10:45:12,65.5
10,Maya,Trabelsi,2026-09-09 17:20:22,74.7
10,Maya,Trabelsi,2026-09-10 17:40:51,59.5
10,Maya,Trabelsi,2026-09-11 17:50:33,72.4
10,Maya,Trabelsi,2026-09-12 10:15:37,62.8
10,Maya,Trabelsi,2026-09-17 17:20:28,63.6
11,Sirine,Ben Salah,2026-05-27 16:30:20,52.2
11,Sirine,Ben Salah,2026-05-30 10:45:54,53.3
11,Sirine,Ben Salah,2026-06-02 16:50:43,51.0
11,Sirine,Ben Salah,2026-06-06 10:30:38,51.4
11,Sirine,Ben Salah,2026-06-11 16:50:03,56.3
11,Sirine,Ben Salah,2026-06-12 16:10:50,54.8
11,Sirine,Ben Salah,2026-06-15 16:50:56,58.7
11,Sirine,Ben Salah,2026-06-17 16:00:55,59.2
11,Sirine,Ben Salah,2026-06-18 16:20:08,60.5
11,Sirine,Ben Salah,2026-06-19 16:30:54,53.2
11,Sirine,Ben Salah,2026-06-20 10:30:43,62.8
11,Sirine,Ben Salah,2026-06-22 16:00:38,51.3
11,Sirine,Ben Salah,2026-06-23 16:50:44,47.8
11,Sirine,Ben Salah,2026-06-24 16:10:48,55.3
11,Sirine,Ben Salah,2026-06-27 10:30:03,63.4
11,Sirine,Ben Salah,2026-06-29 16:00:04,58.4
11,Sirine,Ben Salah,2026-06-29 16:45:08,51.0
11,Sirine,Ben Salah,2026-07-01 16:30:20,58.5
11,Sirine,Ben Salah,2026-07-02 16:00:58,57.0
11,Sirine,Ben Salah,2026-07-04 10:30:33,59.1
11,Sirine,Ben Salah,2026-07-07 16:30:52,55.7
11,Sirine,Ben Salah,2026-07-09 16:20:23,61.7
11,Sirine,Ben Salah,2026-07-09 17:05:41,57.1
11,Sirine,Ben Salah,2026-07-11 10:00:44,68.9
11,Sirine,Ben Salah,2026-07-14 16:40:56,66.5
11,Sirine,Ben Salah,2026-07-17 16:40:19,61.3
12,Rim,Ayari,2026-08-01 10:00:32,49.1
12,Rim,Ayari,2026-08-07 15:00:51,46.6
12,Rim,Ayari,2026-08-12 15:50:22,43.8
12,Rim,Ayari,2026-08-15 10:00:47,43.0
12,Rim,Ayari,2026-08-21 15:50:04,47.0
12,Rim,Ayari,2026-09-05 10:15:44,41.6
12,Rim,Ayari,2026-09-12 10:30:53,49.5
12,Rim,Ayari,2026-09-15 15:10:28,40.8
12,Rim,Ayari,2026-09-19 10:45:39,48.0
13,Nour,Zouari,2026-07-29 15:50:22,48.1
13,Nour,Zouari,2026-08-03 15:20:43,63.3
13,Nour,Zouari,2026-08-06 15:50:58,53.1
13,Nour,Zouari,2026-08-08 10:15:20,53.9
13,Nour,Zouari,2026-08-08 10:45:51,65.8
13,Nour,Zouari,2026-08-12 15:40:45,72.2
13,Nour,Zouari,2026-08-14 15:00:24,67.6
13,Nour,Zouari,2026-08-15 10:45:32,44.3
13,Nour,Zouari,2026-08-18 15:30:24,63.5
13,Nour,Zouari,2026-08-20 15:00:58,46.9
13,Nour,Zouari,2026-08-22 10:30:08,50.1
13,Nour,Zouari,2026-08-29 10:00:42,57.0
13,Nour,Zouari,2026-09-01 15:10:33,53.9
13,Nour,Zouari,2026-09-03 15:50:26,60.1
13,Nour,Zouari,2026-09-05 10:30:04,63.6
13,Nour,Zouari,2026-09-09 15:30:27,65.0
14,Ilyes,Belhaj,2026-07-20 15:30:54,85.1
14,Ilyes,Belhaj,2026-07-22 15:40:47,60.7
14,Ilyes,Belhaj,2026-07-27 15:40:54,66.1
14,Ilyes,Belhaj,2026-07-29 15:30:06,76.7
14,Ilyes,Belhaj,2026-08-03 15:00:03,43.3
14,Ilyes,Belhaj,2026-08-08 10:00:30,53.5
14,Ilyes,Belhaj,2026-08-11 15:30:04,39.7
14,Ilyes,Belhaj,2026-08-15 10:30:14,54.5
14,Ilyes,Belhaj,2026-08-19 15:20:13,69.9
14,Ilyes,Belhaj,2026-08-22 10:30:28,58.8
14,Ilyes,Belhaj,2026-08-26 15:00:30,47.0
14,Ilyes,Belhaj,2026-08-26 15:20:35,51.5
14,Ilyes,Belhaj,2026-08-29 10:15:50,60.3
14,Ilyes,Belhaj,2026-08-29 10:45:49,78.8
14,Ilyes,Belhaj,2026-09-01 15:40:32,50.5
14,Ilyes,Belhaj,2026-09-04 15:20:49,45.1
14,Ilyes,Belhaj,2026-09-04 15:40:01,61.0
14,Ilyes,Belhaj,2026-09-07 15:40:20,65.8
14,Ilyes,Belhaj,2026-09-08 15:40:01,56.0
14,Ilyes,Belhaj,2026-09-09 15:20:18,53.6
15,Aymen,Nasri,2026-08-17 17:30:33,57.1
15,Aymen,Nasri,2026-08-22 10:45:32,56.8
15,Aymen,Nasri,2026-08-25 17:40:23,53.8
15,Aymen,Nasri,2026-08-25 18:35:44,59.6
15,Aymen,Nasri,2026-08-27 17:30:46,60.3
15,Aymen,Nasri,2026-08-29 10:00:15,60.6
15,Aymen,Nasri,2026-08-29 10:45:08,55.2
15,Aymen,Nasri,2026-08-31 17:20:54,56.0
15,Aymen,Nasri,2026-09-02 17:20:18,57.5
15,Aymen,Nasri,2026-09-02 18:05:20,51.5
15,Aymen,Nasri,2026-09-05 10:15:33,56.1
15,Aymen,Nasri,2026-09-07 17:10:01,50.9
15,Aymen,Nasri,2026-09-08 17:10:59,59.9
15,Aymen,Nasri,2026-09-10 17:40:59,53.6
15,Aymen,Nasri,2026-09-12 10:45:12,58.2
16,Rayan,Mansouri,2026-08-08 10:00:25,55.2
16,Rayan,Mansouri,2026-08-11 16:10:02,44.7
16,Rayan,Mansouri,2026-08-17 16:30:44,55.3
16,Rayan,Mansouri,2026-08-24 16:10:00,61.7
16,Rayan,Mansouri,2026-08-25 16:20:09,68.7
16,Rayan,Mansouri,2026-08-26 16:40:57,51.6
16,Rayan,Mansouri,2026-08-29 10:00:03,48.4
16,Rayan,Mansouri,2026-08-29 10:45:47,62.3
16,Rayan,Mansouri,2026-09-03 16:50:01,61.9
16,Rayan,Mansouri,2026-09-04 16:10:54,42.4
16,Rayan,Mansouri,2026-09-08 16:40:26,64.3
16,Rayan,Mansouri,2026-09-10 16:10:04,56.3
16,Rayan,Mansouri,2026-09-12 10:30:50,62.2
16,Rayan,Mansouri,2026-09-17 16:20:26,64.5
16,Rayan,Mansouri,2026-09-17 16:55:06,53.8
16,Rayan,Mansouri,2026-09-22 16:30:42,46.0
17,Skander,Karoui,2026-06-06 10:00:19,44.5
17,Skander,Karoui,2026-06-11 17:50:59,51.6
17,Skander,Karoui,2026-06-15 17:50:32,41.1
17,Skander,Karoui,2026-06-20 10:15:13,43.9
17,Skander,Karoui,2026-06-24 17:10:18,49.1
17,Skander,Karoui,2026-06-27 10:00:10,48.6
17,Skander,Karoui,2026-06-27 10:45:15,50.0
17,Skander,Karoui,2026-07-02 17:10:26,53.1
17,Skander,Karoui,2026-07-04 10:45:11,50.3
17,Skander,Karoui,2026-07-10 17:10:46,51.5
17,Skander,Karoui,2026-07-11 10:45:28,56.7
17,Skander,Karoui,2026-07-15 17:10:58,51.1
17,Skander,Karoui,2026-07-17 17:00:27,50.7
17,Skander,Karoui,2026-07-18 10:00:21,52.4
17,Skander,Karoui,2026-07-18 10:30:43,43.6
17,Skander,Karoui,2026-07-23 17:20:30,52.7
18,Lina,Chaouch,2026-07-03 16:00:49,31.4
18,Lina,Chaouch,2026-07-07 16:10:42,36.0
18,Lina,Chaouch,2026-07-11 10:30:29,53.5
18,Lina,Chaouch,2026-07-14 16:00:51,53.9
18,Lina,Chaouch,2026-07-23 16:40:33,63.3
18,Lina,Chaouch,2026-07-25 10:15:44,50.4
18,Lina,Chaouch,2026-07-31 16:30:40,47.9
18,Lina,Chaouch,2026-07-31 16:50:55,45.5
18,Lina,Chaouch,2026-08-04 16:50:35,24.2
18,Lina,Chaouch,2026-08-05 16:30:18,69.4
18,Lina,Chaouch,2026-08-07 16:10:48,50.1
18,Lina,Chaouch,2026-08-08 10:30:38,53.6
18,Lina,Chaouch,2026-08-08 11:15:22,34.8
18,Lina,Chaouch,2026-08-11 16:50:03,64.9
18,Lina,Chaouch,2026-08-12 16:00:50,67.9
18,Lina,Chaouch,2026-08-13 16:50:59,58.2
18,Lina,Chaouch,2026-08-15 10:45:06,44.8
18,Lina,Chaouch,2026-08-18 16:20:43,52.5
18,Lina,Chaouch,2026-08-19 16:40:59,59.3
18,Lina,Chaouch,2026-08-22 10:15:18,56.7
18,Lina,Chaouch,2026-08-22 11:00:19,34.5
18,Lina,Chaouch,2026-08-25 16:40:49,74.1
18,Lina,Chaouch,2026-08-28 16:00:36,35.8
18,Lina,Chaouch,2026-08-28 16:20:33,37.3
18,Lina,Chaouch,2026-08-29 10:15:51,49.6
18,Lina,Chaouch,2026-08-31 16:50:27,48.6
18,Lina,Chaouch,2026-09-01 16:10:55,50.0
18,Lina,Chaouch,2026-09-03 16:00:24,58.9
18,Lina,Chaouch,2026-09-04 16:00:25,49.2
18,Lina,Chaouch,2026-09-08 16:20:18,57.2
19,Mohamed,Slimani,2026-06-11 16:10:50,43.0
19,Mohamed,Slimani,2026-06-16 16:10:03,52.1
19,Mohamed,Slimani,2026-06-20 10:00:16,52.2
19,Mohamed,Slimani,2026-07-08 16:40:13,57.5
19,Mohamed,Slimani,2026-07-16 16:30:56,63.4
19,Mohamed,Slimani,2026-08-01 10:45:05,62.2
19,Mohamed,Slimani,2026-08-08 10:00:08,66.1
19,Mohamed,Slimani,2026-08-25 16:00:31,60.0
19,Mohamed,Slimani,2026-08-29 10:45:13,65.4
19,Mohamed,Slimani,2026-09-05 10:00:45,67.9
19,Mohamed,Slimani,2026-09-08 16:40:14,69.2
19,Mohamed,Slimani,2026-09-11 16:00:31,71.0
20,Omar,Dridi,2026-05-26 16:20:38,41.5
20,Omar,Dridi,2026-05-29 16:00:50,48.0
20,Omar,Dridi,2026-06-03 16:30:17,41.2
20,Omar,Dridi,2026-06-06 10:45:50,45.0
20,Omar,Dridi,2026-06-09 16:40:48,41.6
20,Omar,Dridi,2026-06-11 16:00:42,46.7
20,Omar,Dridi,2026-06-11 16:20:46,41.2
20,Omar,Dridi,2026-06-15 16:30:27,43.5
20,Omar,Dridi,2026-06-19 16:10:38,44.5
20,Omar,Dridi,2026-06-20 10:00:50,43.4
20,Omar,Dridi,2026-06-25 16:40:38,49.3
20,Omar,Dridi,2026-07-04 10:15:26,44.2
20,Omar,Dridi,2026-07-13 16:20:32,49.2
20,Omar,Dridi,2026-07-16 16:20:15,49.6
20,Omar,Dridi,2026-07-18 10:30:38,49.1
20,Omar,Dridi,2026-07-21 16:20:57,48.5
20,Omar,Dridi,2026-07-25 10:00:56,55.1
20,Omar,Dridi,2026-08-14 16:00:46,55.4
20,Omar,Dridi,2026-08-17 16:20:16,52.7
20,Omar,Dridi,2026-08-19 16:00:18,55.6
20,Omar,Dridi,2026-08-24 16:30:26,55.0
20,Omar,Dridi,2026-08-26 16:40:56,51.8
20,Omar,Dridi,2026-08-31 16:50:25,49.9
20,Omar,Dridi,2026-09-04 16:50:41,53.1
20,Omar,Dridi,2026-09-08 16:20:03,52.6
