patient_id,first_name,last_name,sessions,mean_score,mean_success_rate,mean_duration,mean_repetitions,mean_progression,sessions_with_progression,max_progression,min_progression,improved_sessions,declined_sessions,improvement_rate,progression_category
1,Yasmine,Bouzid,26,60.97,60.91,6.62,10.5,3.24,24,21.52,-14.53,14,10,58.33,Progression modérée
2,Amira,Jebali,24,54.94,56.56,7.17,12.33,1.34,22,28.46,-23.37,11,11,50.0,Progression faible
3,Fatma,Tlili,32,56.43,59.27,9.22,17.84,1.79,29,32.78,-25.09,16,13,55.17,Progression faible
4,Malek,Hamdi,26,55.06,55.61,8.73,17.04,1.84,24,37.4,-15.31,11,13,45.83,Progression faible
5,Zied,Gharbi,42,59.17,60.23,7.69,13.57,4.32,39,29.74,-18.71,26,13,66.67,Progression modérée
6,Eya,Haddad,66,59.53,59.47,7.73,14.89,3.06,62,30.53,-20.93,36,26,58.06,Progression modérée
7,Yassine,Sassi,31,57.83,58.08,8.03,13.61,3.48,29,27.73,-14.9,16,13,55.17,Progression modérée
8,Hiba,Khelifi,13,64.07,64.32,6.46,11.69,2.63,12,14.08,-9.06,8,4,66.67,Progression modérée
9,Adam,Mejri,25,55.15,55.92,6.08,9.4,2.56,23,17.69,-10.73,12,10,52.17,Progression modérée
10,Maya,Trabelsi,30,61.27,59.21,6.6,10.67,3.0,28,28.02,-16.71,18,10,64.29,Progression modérée
11,Sirine,Ben Salah,26,57.17,56.6,8.19,15.27,1.31,24,32.64,-18.31,15,9,62.5,Progression faible
12,Rim,Ayari,9,45.49,46.46,8.11,14.22,0.49,8,18.99,-17.58,3,5,37.5,Progression faible
13,Nour,Zouari,16,58.02,58.83,9.38,17.31,5.64,14,31.6,-34.47,9,5,64.29,Progression forte
14,Ilyes,Belhaj,20,58.9,58.81,8.75,15.6,2.63,18,53.01,-43.55,9,9,50.0,Progression modérée
15,Aymen,Nasri,15,56.47,54.15,9.33,17.6,0.37,13,12.08,-7.59,6,7,46.15,Progression faible
16,Rayan,Mansouri,16,56.21,58.22,7.88,14.69,2.35,14,32.78,-16.37,6,8,42.86,Progression modérée
17,Skander,Karoui,16,49.43,51.82,8.19,14.5,2.38,14,20.87,-20.35,9,5,64.29,Progression modérée
18,Lina,Chaouch,30,50.45,51.63,8.17,15.07,8.83,27,107.02,-49.86,17,10,62.96,Progression forte
19,Mohamed,Slimani,12,60.83,62.3,7.17,12.5,4.93,11,21.16,-9.23,9,2,81.82,Progression modérée
20,Omar,Dridi,25,48.31,49.78,8.0,14.8,0.48,22,15.66,-14.17,9,13,40.91,Progression faible
