patient_id,first_name,last_name,session_date,name,name_game,level_number,score,success_rate,progression
11,Sirine,Ben Salah,2026-07-17 16:40:19,Step Up,Step Quest,2,61.3,53.5,-7.82
1,Yasmine,Bouzid,2026-07-21 15:30:00,Wrist Flexion and Extension,Wrist Wizard,3,79.5,67.5,10.26
17,Skander,Karoui,2026-07-23 17:20:30,Overhead Reach,Bubble Reach,1,52.7,55.9,20.87
2,Amira,Jebali,2026-08-29 10:15:09,Wrist Flexion and Extension,Wrist Wizard,2,57.6,55.6,-0.35
9,Adam,Mejri,2026-08-29 10:30:26,Step Up,Step Quest,3,55.7,50.2,-2.96
7,Yassine,Sassi,2026-09-05 10:15:34,Wrist Flexion and Extension,Wrist Wizard,2,62.5,61.7,5.75
4,Malek,Hamdi,2026-09-05 10:30:26,Wrist Flexion and Extension,Wrist Wizard,2,51.2,59.8,-13.07
20,Omar,Dridi,2026-09-08 16:20:03,Overhead Reach,Bubble Reach,1,52.6,53.1,-0.94
18,Lina,Chaouch,2026-09-08 16:20:18,Wrist Flexion and Extension,Wrist Wizard,2,57.2,56.5,16.26
14,Ilyes,Belhaj,2026-09-09 15:20:18,Wrist Flexion and Extension,Wrist Wizard,3,53.6,46.7,-18.54
13,Nour,Zouari,2026-09-09 15:30:27,Wrist Flexion and Extension,Wrist Wizard,2,65.0,66.9,29.74
19,Mohamed,Slimani,2026-09-11 16:00:31,Seated Knee Extension,Step Quest,3,71.0,72.5,2.6
3,Fatma,Tlili,2026-09-12 10:00:55,Step Up,Step Quest,2,56.9,63.3,-1.73
15,Aymen,Nasri,2026-09-12 10:45:12,Forearm Rotation,Wrist Wizard,2,58.2,54.5,8.58
10,Maya,Trabelsi,2026-09-17 17:20:28,Step Up,Step Quest,2,63.6,65.3,1.27
12,Rim,Ayari,2026-09-19 10:45:39,Forward Arm Raise,Bubble Reach,1,48.0,45.8,17.65
8,Hiba,Khelifi,2026-09-19 10:45:56,Forearm Rotation,Wrist Wizard,2,72.5,65.3,3.57
6,Eya,Haddad,2026-09-19 11:45:07,Forward Arm Raise,Bubble Reach,3,61.6,70.6,3.53
5,Zied,Gharbi,2026-09-21 15:40:59,Forward Arm Raise,Bubble Reach,3,59.4,63.5,-2.14
16,Rayan,Mansouri,2026-09-22 16:30:42,Mini Squat,Step Quest,3,46.0,51.7,-14.5
