id,patient_exercise_id,from_level_id,to_level_id,reason,session_id,changed_by,changed_at
1,1,,20,initial,,3.0,2026-04-26 11:12:54
2,2,,23,initial,,3.0,2026-04-30 14:55:42
3,3,,22,initial,,3.0,2026-05-20 14:54:18
4,4,,2,initial,,2.0,2026-05-24 11:08:54
5,5,,13,initial,,3.0,2026-05-24 14:58:28
6,6,,7,initial,,1.0,2026-06-04 10:55:51
7,7,,18,initial,,3.0,2026-06-06 12:16:34
8,8,,11,initial,,2.0,2026-06-07 10:52:46
9,9,,17,initial,,3.0,2026-06-07 14:24:44
10,10,,18,initial,,2.0,2026-06-08 11:44:37
11,11,,19,initial,,2.0,2026-06-09 14:44:40
12,12,,10,initial,,2.0,2026-06-13 11:48:31
13,13,,23,initial,,2.0,2026-06-16 14:31:28
14,5,13.0,14,auto_progression,47.0,,2026-06-18 16:31:08
15,14,,22,initial,,2.0,2026-06-20 10:40:37
16,15,,22,initial,,1.0,2026-06-21 09:41:35
17,16,,16,initial,,3.0,2026-06-21 14:28:52
18,17,,1,initial,,1.0,2026-06-25 14:48:35
19,18,,5,initial,,3.0,2026-06-29 09:59:20
20,12,10.0,11,auto_progression,87.0,,2026-06-30 17:08:20
21,19,,19,initial,,1.0,2026-07-01 10:47:43
22,20,,23,initial,,2.0,2026-07-01 12:49:41
23,11,19.0,20,auto_progression,109.0,,2026-07-07 17:54:19
24,21,,1,initial,,3.0,2026-07-08 13:01:23
25,22,,14,initial,,3.0,2026-07-09 13:21:15
26,23,,14,initial,,3.0,2026-07-10 09:55:18
27,24,,19,initial,,2.0,2026-07-10 12:44:24
28,25,,22,initial,,2.0,2026-07-13 13:20:12
29,26,,14,initial,,3.0,2026-07-15 11:49:52
30,27,,16,initial,,3.0,2026-07-16 13:04:04
31,28,,19,initial,,1.0,2026-07-17 14:29:48
32,29,,10,initial,,2.0,2026-07-21 14:16:33
33,1,20.0,21,auto_score,166.0,,2026-07-21 15:40:00
34,30,,1,initial,,3.0,2026-07-23 09:35:39
35,31,,7,initial,,2.0,2026-07-23 11:14:31
36,19,19.0,20,auto_progression,175.0,,2026-07-23 15:29:37
37,32,,5,initial,,3.0,2026-07-26 11:11:55
38,33,,19,initial,,3.0,2026-07-26 12:24:59
39,28,19.0,20,auto_score,200.0,,2026-07-29 15:40:06
40,34,,1,initial,,3.0,2026-07-30 10:32:41
41,14,22.0,23,auto_score,203.0,,2026-07-30 16:06:53
42,35,,16,initial,,2.0,2026-08-02 10:09:40
43,21,1.0,2,auto_progression,233.0,,2026-08-04 17:38:44
44,36,,22,initial,,3.0,2026-08-05 09:15:26
45,37,,10,initial,,1.0,2026-08-05 13:37:07
46,38,,19,initial,,2.0,2026-08-05 14:48:18
47,27,16.0,17,auto_progression,235.0,,2026-08-05 16:00:19
48,39,,22,initial,,1.0,2026-08-07 12:29:38
49,40,,14,initial,,1.0,2026-08-07 12:53:31
50,16,16.0,17,auto_progression,249.0,,2026-08-07 17:59:20
51,30,1.0,2,auto_progression,254.0,,2026-08-08 10:08:38
52,33,19.0,20,auto_score,277.0,,2026-08-12 15:50:45
53,29,10.0,11,auto_progression,279.0,,2026-08-12 16:12:50
54,24,19.0,20,auto_progression,281.0,,2026-08-12 17:51:31
55,41,,19,initial,,3.0,2026-08-13 09:17:03
56,18,5.0,6,auto_progression,306.0,,2026-08-15 11:43:14
57,42,,12,initial,,3.0,2026-08-15 13:28:40
58,15,22.0,23,auto_progression,313.0,,2026-08-18 15:09:45
59,35,16.0,17,auto_progression,335.0,,2026-08-21 17:48:58
60,43,,23,initial,,3.0,2026-08-22 12:01:34
61,38,19.0,20,auto_score,357.0,,2026-08-25 16:50:49
62,23,14.0,15,auto_score,386.0,,2026-08-29 10:09:10
63,30,2.0,3,auto_progression,399.0,,2026-08-31 15:28:37
64,36,22.0,23,auto_progression,418.0,,2026-09-03 16:00:26
65,37,10.0,11,auto_score,420.0,,2026-09-03 16:58:01
66,28,20.0,21,auto_progression,426.0,,2026-09-04 15:53:01
67,39,22.0,23,manual,,1.0,2026-09-08 17:20:01
68,40,14.0,15,manual,,1.0,2026-09-10 17:49:04
69,8,11.0,12,auto_score,469.0,,2026-09-11 16:10:31
70,12,11.0,12,auto_score,471.0,,2026-09-11 17:58:33
71,21,2.0,3,auto_progression,472.0,,2026-09-11 18:44:06
72,32,5.0,6,auto_score,492.0,,2026-09-19 10:09:58
73,16,17.0,18,auto_score,494.0,,2026-09-19 10:53:27
