id,patient_id,exercise_id,start_level_id,current_level_id,assigned_by,assigned_at,is_active,id_patient,first_name,last_name,date_of_birth,id_exercise,game_id,name,description,id_game,name_game,body_part,description_game,id_current_level,level_number,title,target_angle,required_score,required_progression
1,1,7,20,21,3,2026-04-26 11:12:54,True,1,Yasmine,Bouzid,2011-12-18,7,3,Wrist Flexion and Extension,Bend the wrist up and down to steer the magic wand,3,Wrist Wizard,Wrist,Magic-themed game where wrist and forearm movements cast spells and solve puzzles,21,3,Advanced,55.0,77.0,10.0
2,1,8,23,23,3,2026-04-30 14:55:42,True,1,Yasmine,Bouzid,2011-12-18,8,3,Forearm Rotation,Rotate the forearm palm up and palm down to turn magic keys,3,Wrist Wizard,Wrist,Magic-themed game where wrist and forearm movements cast spells and solve puzzles,23,2,Intermediate,70.0,72.0,7.5
3,3,8,22,22,3,2026-05-20 14:54:18,False,3,Fatma,Tlili,2020-08-26,8,3,Forearm Rotation,Rotate the forearm palm up and palm down to turn magic keys,3,Wrist Wizard,Wrist,Magic-themed game where wrist and forearm movements cast spells and solve puzzles,22,1,Beginner,45.0,64.0,5.0
4,20,1,2,2,2,2026-05-24 11:08:54,False,20,Omar,Dridi,2018-11-28,1,1,Forward Arm Raise,Raise the arm forward to shoulder height and above to catch bubbles,1,Bubble Reach,Shoulder,Arcade game where the child pops floating bubbles by lifting and moving the arm to target positions,2,2,Intermediate,120.0,70.0,7.5
5,11,5,13,14,3,2026-05-24 14:58:28,True,11,Sirine,Ben Salah,2015-10-02,5,2,Mini Squat,Perform a shallow squat to duck under obstacles,2,Step Quest,Knee,Adventure game where the child controls a hero by performing knee and leg movements to cross obstacles,14,2,Intermediate,45.0,71.0,7.5
6,17,3,7,7,1,2026-06-04 10:55:51,True,17,Skander,Karoui,2013-11-15,3,1,Overhead Reach,Reach above the head to pop the highest bubbles,1,Bubble Reach,Shoulder,Arcade game where the child pops floating bubbles by lifting and moving the arm to target positions,7,1,Beginner,120.0,66.0,5.0
7,9,6,18,18,3,2026-06-06 12:16:34,True,9,Adam,Mejri,2016-05-17,6,2,Step Up,Step up onto a platform to climb the path,2,Step Quest,Knee,Adventure game where the child controls a hero by performing knee and leg movements to cross obstacles,18,3,Advanced,100.0,81.0,10.0
8,19,4,11,12,2,2026-06-07 10:52:46,True,19,Mohamed,Slimani,2020-03-03,4,2,Seated Knee Extension,Extend the knee from a seated position to kick a ball,2,Step Quest,Knee,Adventure game where the child controls a hero by performing knee and leg movements to cross obstacles,12,3,Advanced,90.0,76.0,10.0
9,11,6,17,17,3,2026-06-07 14:24:44,True,11,Sirine,Ben Salah,2015-10-02,6,2,Step Up,Step up onto a platform to climb the path,2,Step Quest,Knee,Adventure game where the child controls a hero by performing knee and leg movements to cross obstacles,17,2,Intermediate,80.0,73.0,7.5
10,20,6,18,18,2,2026-06-08 11:44:37,False,20,Omar,Dridi,2018-11-28,6,2,Step Up,Step up onto a platform to climb the path,2,Step Quest,Knee,Adventure game where the child controls a hero by performing knee and leg movements to cross obstacles,18,3,Advanced,100.0,81.0,10.0
11,7,7,19,20,2,2026-06-09 14:44:40,True,7,Yassine,Sassi,2014-12-14,7,3,Wrist Flexion and Extension,Bend the wrist up and down to steer the magic wand,3,Wrist Wizard,Wrist,Magic-themed game where wrist and forearm movements cast spells and solve puzzles,20,2,Intermediate,40.0,69.0,7.5
12,10,4,10,12,2,2026-06-13 11:48:31,True,10,Maya,Trabelsi,2019-05-24,4,2,Seated Knee Extension,Extend the knee from a seated position to kick a ball,2,Step Quest,Knee,Adventure game where the child controls a hero by performing knee and leg movements to cross obstacles,12,3,Advanced,90.0,76.0,10.0
13,7,8,23,23,2,2026-06-16 14:31:28,True,7,Yassine,Sassi,2014-12-14,8,3,Forearm Rotation,Rotate the forearm palm up and palm down to turn magic keys,3,Wrist Wizard,Wrist,Magic-themed game where wrist and forearm movements cast spells and solve puzzles,23,2,Intermediate,70.0,72.0,7.5
14,8,8,22,23,2,2026-06-20 10:40:37,True,8,Hiba,Khelifi,2016-10-12,8,3,Forearm Rotation,Rotate the forearm palm up and palm down to turn magic keys,3,Wrist Wizard,Wrist,Magic-themed game where wrist and forearm movements cast spells and solve puzzles,23,2,Intermediate,70.0,72.0,7.5
15,2,8,22,23,1,2026-06-21 09:41:35,True,2,Amira,Jebali,2018-03-22,8,3,Forearm Rotation,Rotate the forearm palm up and palm down to turn magic keys,3,Wrist Wizard,Wrist,Magic-themed game where wrist and forearm movements cast spells and solve puzzles,23,2,Intermediate,70.0,72.0,7.5
16,6,6,16,18,3,2026-06-21 14:28:52,True,6,Eya,Haddad,2014-01-15,6,2,Step Up,Step up onto a platform to climb the path,2,Step Quest,Knee,Adventure game where the child controls a hero by performing knee and leg movements to cross obstacles,18,3,Advanced,100.0,81.0,10.0
17,17,1,1,1,1,2026-06-25 14:48:35,False,17,Skander,Karoui,2013-11-15,1,1,Forward Arm Raise,Raise the arm forward to shoulder height and above to catch bubbles,1,Bubble Reach,Shoulder,Arcade game where the child pops floating bubbles by lifting and moving the arm to target positions,1,1,Beginner,90.0,62.0,5.0
18,6,2,5,6,3,2026-06-29 09:59:20,True,6,Eya,Haddad,2014-01-15,2,1,Lateral Arm Raise,Raise the arm sideways to reach bubbles on the left or right,1,Bubble Reach,Shoulder,Arcade game where the child pops floating bubbles by lifting and moving the arm to target positions,6,3,Advanced,120.0,80.0,10.0
19,2,7,19,20,1,2026-07-01 10:47:43,True,2,Amira,Jebali,2018-03-22,7,3,Wrist Flexion and Extension,Bend the wrist up and down to steer the magic wand,3,Wrist Wizard,Wrist,Magic-themed game where wrist and forearm movements cast spells and solve puzzles,20,2,Intermediate,40.0,69.0,7.5
20,18,8,23,23,2,2026-07-01 12:49:41,True,18,Lina,Chaouch,2018-05-14,8,3,Forearm Rotation,Rotate the forearm palm up and palm down to turn magic keys,3,Wrist Wizard,Wrist,Magic-themed game where wrist and forearm movements cast spells and solve puzzles,23,2,Intermediate,70.0,72.0,7.5
21,6,1,1,3,3,2026-07-08 13:01:23,True,6,Eya,Haddad,2014-01-15,1,1,Forward Arm Raise,Raise the arm forward to shoulder height and above to catch bubbles,1,Bubble Reach,Shoulder,Arcade game where the child pops floating bubbles by lifting and moving the arm to target positions,3,3,Advanced,150.0,78.0,10.0
22,9,5,14,14,3,2026-07-09 13:21:15,True,9,Adam,Mejri,2016-05-17,5,2,Mini Squat,Perform a shallow squat to duck under obstacles,2,Step Quest,Knee,Adventure game where the child controls a hero by performing knee and leg movements to cross obstacles,14,2,Intermediate,45.0,71.0,7.5
23,5,5,14,15,3,2026-07-10 09:55:18,True,5,Zied,Gharbi,2015-12-17,5,2,Mini Squat,Perform a shallow squat to duck under obstacles,2,Step Quest,Knee,Adventure game where the child controls a hero by performing knee and leg movements to cross obstacles,15,3,Advanced,60.0,79.0,10.0
24,4,7,19,20,2,2026-07-10 12:44:24,True,4,Malek,Hamdi,2016-11-13,7,3,Wrist Flexion and Extension,Bend the wrist up and down to steer the magic wand,3,Wrist Wizard,Wrist,Magic-themed game where wrist and forearm movements cast spells and solve puzzles,20,2,Intermediate,40.0,69.0,7.5
25,4,8,22,22,2,2026-07-13 13:20:12,True,4,Malek,Hamdi,2016-11-13,8,3,Forearm Rotation,Rotate the forearm palm up and palm down to turn magic keys,3,Wrist Wizard,Wrist,Magic-themed game where wrist and forearm movements cast spells and solve puzzles,22,1,Beginner,45.0,64.0,5.0
26,6,5,14,14,3,2026-07-15 11:49:52,True,6,Eya,Haddad,2014-01-15,5,2,Mini Squat,Perform a shallow squat to duck under obstacles,2,Step Quest,Knee,Adventure game where the child controls a hero by performing knee and leg movements to cross obstacles,14,2,Intermediate,45.0,71.0,7.5
27,3,6,16,17,3,2026-07-16 13:04:04,True,3,Fatma,Tlili,2020-08-26,6,2,Step Up,Step up onto a platform to climb the path,2,Step Quest,Knee,Adventure game where the child controls a hero by performing knee and leg movements to cross obstacles,17,2,Intermediate,80.0,73.0,7.5
28,14,7,19,21,1,2026-07-17 14:29:48,True,14,Ilyes,Belhaj,2017-10-27,7,3,Wrist Flexion and Extension,Bend the wrist up and down to steer the magic wand,3,Wrist Wizard,Wrist,Magic-themed game where wrist and forearm movements cast spells and solve puzzles,21,3,Advanced,55.0,77.0,10.0
29,18,4,10,11,2,2026-07-21 14:16:33,True,18,Lina,Chaouch,2018-05-14,4,2,Seated Knee Extension,Extend the knee from a seated position to kick a ball,2,Step Quest,Knee,Adventure game where the child controls a hero by performing knee and leg movements to cross obstacles,11,2,Intermediate,70.0,68.0,7.5
30,5,1,1,3,3,2026-07-23 09:35:39,True,5,Zied,Gharbi,2015-12-17,1,1,Forward Arm Raise,Raise the arm forward to shoulder height and above to catch bubbles,1,Bubble Reach,Shoulder,Arcade game where the child pops floating bubbles by lifting and moving the arm to target positions,3,3,Advanced,150.0,78.0,10.0
31,20,3,7,7,2,2026-07-23 11:14:31,True,20,Omar,Dridi,2018-11-28,3,1,Overhead Reach,Reach above the head to pop the highest bubbles,1,Bubble Reach,Shoulder,Arcade game where the child pops floating bubbles by lifting and moving the arm to target positions,7,1,Beginner,120.0,66.0,5.0
32,5,2,5,6,3,2026-07-26 11:11:55,True,5,Zied,Gharbi,2015-12-17,2,1,Lateral Arm Raise,Raise the arm sideways to reach bubbles on the left or right,1,Bubble Reach,Shoulder,Arcade game where the child pops floating bubbles by lifting and moving the arm to target positions,6,3,Advanced,120.0,80.0,10.0
33,13,7,19,20,3,2026-07-26 12:24:59,True,13,Nour,Zouari,2013-08-23,7,3,Wrist Flexion and Extension,Bend the wrist up and down to steer the magic wand,3,Wrist Wizard,Wrist,Magic-themed game where wrist and forearm movements cast spells and solve puzzles,20,2,Intermediate,40.0,69.0,7.5
34,12,1,1,1,3,2026-07-30 10:32:41,True,12,Rim,Ayari,2012-05-26,1,1,Forward Arm Raise,Raise the arm forward to shoulder height and above to catch bubbles,1,Bubble Reach,Shoulder,Arcade game where the child pops floating bubbles by lifting and moving the arm to target positions,1,1,Beginner,90.0,62.0,5.0
35,10,6,16,17,2,2026-08-02 10:09:40,True,10,Maya,Trabelsi,2019-05-24,6,2,Step Up,Step up onto a platform to climb the path,2,Step Quest,Knee,Adventure game where the child controls a hero by performing knee and leg movements to cross obstacles,17,2,Intermediate,80.0,73.0,7.5
36,13,8,22,23,3,2026-08-05 09:15:26,True,13,Nour,Zouari,2013-08-23,8,3,Forearm Rotation,Rotate the forearm palm up and palm down to turn magic keys,3,Wrist Wizard,Wrist,Magic-themed game where wrist and forearm movements cast spells and solve puzzles,23,2,Intermediate,70.0,72.0,7.5
37,16,4,10,11,1,2026-08-05 13:37:07,True,16,Rayan,Mansouri,2015-01-23,4,2,Seated Knee Extension,Extend the knee from a seated position to kick a ball,2,Step Quest,Knee,Adventure game where the child controls a hero by performing knee and leg movements to cross obstacles,11,2,Intermediate,70.0,68.0,7.5
38,18,7,19,20,2,2026-08-05 14:48:18,True,18,Lina,Chaouch,2018-05-14,7,3,Wrist Flexion and Extension,Bend the wrist up and down to steer the magic wand,3,Wrist Wizard,Wrist,Magic-themed game where wrist and forearm movements cast spells and solve puzzles,20,2,Intermediate,40.0,69.0,7.5
39,14,8,22,23,1,2026-08-07 12:29:38,True,14,Ilyes,Belhaj,2017-10-27,8,3,Forearm Rotation,Rotate the forearm palm up and palm down to turn magic keys,3,Wrist Wizard,Wrist,Magic-themed game where wrist and forearm movements cast spells and solve puzzles,23,2,Intermediate,70.0,72.0,7.5
40,16,5,14,15,1,2026-08-07 12:53:31,True,16,Rayan,Mansouri,2015-01-23,5,2,Mini Squat,Perform a shallow squat to duck under obstacles,2,Step Quest,Knee,Adventure game where the child controls a hero by performing knee and leg movements to cross obstacles,15,3,Advanced,60.0,79.0,10.0
41,15,7,19,19,3,2026-08-13 09:17:03,True,15,Aymen,Nasri,2013-07-02,7,3,Wrist Flexion and Extension,Bend the wrist up and down to steer the magic wand,3,Wrist Wizard,Wrist,Magic-themed game where wrist and forearm movements cast spells and solve puzzles,19,1,Beginner,25.0,61.0,5.0
42,3,4,12,12,3,2026-08-15 13:28:40,True,3,Fatma,Tlili,2020-08-26,4,2,Seated Knee Extension,Extend the knee from a seated position to kick a ball,2,Step Quest,Knee,Adventure game where the child controls a hero by performing knee and leg movements to cross obstacles,12,3,Advanced,90.0,76.0,10.0
43,15,8,23,23,3,2026-08-22 12:01:34,True,15,Aymen,Nasri,2013-07-02,8,3,Forearm Rotation,Rotate the forearm palm up and palm down to turn magic keys,3,Wrist Wizard,Wrist,Magic-themed game where wrist and forearm movements cast spells and solve puzzles,23,2,Intermediate,70.0,72.0,7.5
