patient_id,first_name,last_name,sessions_with_progression,mean_progression,median_progression,max_progression,min_progression,std_progression,progression_category,improved_sessions,declined_sessions,improvement_rate
1,Yasmine,Bouzid,24,3.2412499999999995,3.69,21.52,-14.53,10.743027794604842,Progression modérée,14,10,58.333333333333336
2,Amira,Jebali,22,1.3404545454545456,2.055,28.46,-23.37,11.684478298875097,Progression faible,11,11,50.0
3,Fatma,Tlili,29,1.7934482758620691,0.4,32.78,-25.09,13.873174339571952,Progression faible,16,13,55.172413793103445
4,Malek,Hamdi,24,1.8374999999999997,-0.28,37.4,-15.31,12.653644688904595,Progression faible,11,13,45.83333333333333
5,Zied,Gharbi,39,4.317948717948718,3.58,29.74,-18.71,11.620415152355378,Progression modérée,26,13,66.66666666666666
6,Eya,Haddad,62,3.0567741935483874,1.335,30.53,-20.93,10.475867001045085,Progression modérée,36,26,58.06451612903226
7,Yassine,Sassi,29,3.481034482758621,3.15,27.73,-14.9,12.02885113408223,Progression modérée,16,13,55.172413793103445
8,Hiba,Khelifi,12,2.6316666666666664,3.37,14.08,-9.06,6.587797029126634,Progression modérée,8,4,66.66666666666666
9,Adam,Mejri,23,2.5582608695652174,1.06,17.69,-10.73,8.085023557717923,Progression modérée,12,10,52.17391304347826
10,Maya,Trabelsi,28,3.005,1.955,28.02,-16.71,10.265696382721545,Progression modérée,18,10,64.28571428571429
11,Sirine,Ben Salah,24,1.3079166666666666,1.5699999999999998,32.64,-18.31,10.107611414893865,Progression faible,15,9,62.5
12,Rim,Ayari,8,0.49249999999999994,-3.46,18.99,-17.58,13.433145307676188,Progression faible,3,5,37.5
13,Nour,Zouari,14,5.643571428571429,8.275,31.6,-34.47,21.64496232281415,Progression forte,9,5,64.28571428571429
14,Ilyes,Belhaj,18,2.633888888888889,2.065,53.01,-43.55,26.381935695580633,Progression modérée,9,9,50.0
15,Aymen,Nasri,13,0.3715384615384615,-0.53,12.08,-7.59,6.399864381575918,Progression faible,6,7,46.15384615384615
16,Rayan,Mansouri,14,2.354285714285715,-1.955,32.78,-16.37,15.46236508642627,Progression modérée,6,8,42.857142857142854
17,Skander,Karoui,14,2.3814285714285717,2.87,20.87,-20.35,11.46794720893034,Progression modérée,9,5,64.28571428571429
18,Lina,Chaouch,27,8.828888888888889,8.0,107.02,-49.86,39.92581759033133,Progression forte,17,10,62.96296296296296
19,Mohamed,Slimani,11,4.930909090909091,3.82,21.16,-9.23,7.891119634811596,Progression modérée,9,2,81.81818181818183
20,Omar,Dridi,22,0.4768181818181819,-0.95,15.66,-14.17,6.99676346018278,Progression faible,9,13,40.909090909090914
