patient_id,first_name,last_name,sessions,mean_score,mean_success_rate,mean_duration,mean_repetitions,mean_progression
1,Yasmine,Bouzid,26,60.97,60.91,6.62,10.5,3.24
2,Amira,Jebali,24,54.94,56.56,7.17,12.33,1.34
3,Fatma,Tlili,32,56.43,59.27,9.22,17.84,1.79
4,Malek,Hamdi,26,55.06,55.61,8.73,17.04,1.84
5,Zied,Gharbi,42,59.17,60.23,7.69,13.57,4.32
6,Eya,Haddad,66,59.53,59.47,7.73,14.89,3.06
7,Yassine,Sassi,31,57.83,58.08,8.03,13.61,3.48
8,Hiba,Khelifi,13,64.07,64.32,6.46,11.69,2.63
9,Adam,Mejri,25,55.15,55.92,6.08,9.4,2.56
10,Maya,Trabelsi,30,61.27,59.21,6.6,10.67,3.0
11,Sirine,Ben Salah,26,57.17,56.6,8.19,15.27,1.31
12,Rim,Ayari,9,45.49,46.46,8.11,14.22,0.49
13,Nour,Zouari,16,58.02,58.83,9.38,17.31,5.64
14,Ilyes,Belhaj,20,58.9,58.81,8.75,15.6,2.63
15,Aymen,Nasri,15,56.47,54.15,9.33,17.6,0.37
16,Rayan,Mansouri,16,56.21,58.22,7.88,14.69,2.35
17,Skander,Karoui,16,49.43,51.82,8.19,14.5,2.38
18,Lina,Chaouch,30,50.45,51.63,8.17,15.07,8.83
19,Mohamed,Slimani,12,60.83,62.3,7.17,12.5,4.93
20,Omar,Dridi,25,48.31,49.78,8.0,14.8,0.48
