id,first_name,last_name,date_of_birth,patient_code,therapist_id,created_at
1,Yasmine,Bouzid,2011-12-18,KK-2026-001,3,2026-04-23 22:12:54
2,Amira,Jebali,2018-03-22,KK-2026-002,1,2026-06-17 07:41:35
3,Fatma,Tlili,2020-08-26,KK-2026-003,3,2026-05-14 23:54:18
4,Malek,Hamdi,2016-11-13,KK-2026-004,2,2026-07-08 08:44:24
5,Zied,Gharbi,2015-12-17,KK-2026-005,3,2026-07-06 16:55:18
6,Eya,Haddad,2014-01-15,KK-2026-006,3,2026-06-16 08:28:52
7,Yassine,Sassi,2014-12-14,KK-2026-007,2,2026-06-07 19:44:40
8,Hiba,Khelifi,2016-10-12,KK-2026-008,2,2026-06-17 02:40:37
9,Adam,Mejri,2016-05-17,KK-2026-009,3,2026-06-01 15:16:34
10,Maya,Trabelsi,2019-05-24,KK-2026-010,2,2026-06-12 01:48:31
11,Sirine,Ben Salah,2015-10-02,KK-2026-011,3,2026-05-21 15:58:28
12,Rim,Ayari,2012-05-26,KK-2026-012,3,2026-07-25 22:32:41
13,Nour,Zouari,2013-08-23,KK-2026-013,3,2026-07-25 11:24:59
14,Ilyes,Belhaj,2017-10-27,KK-2026-014,1,2026-07-15 00:29:48
15,Aymen,Nasri,2013-07-02,KK-2026-015,3,2026-08-09 06:17:03
16,Rayan,Mansouri,2015-01-23,KK-2026-016,1,2026-07-30 21:37:07
17,Skander,Karoui,2013-11-15,KK-2026-017,1,2026-06-02 05:55:51
18,Lina,Chaouch,2018-05-14,KK-2026-018,2,2026-06-27 18:49:41
19,Mohamed,Slimani,2020-03-03,KK-2026-019,2,2026-06-02 03:52:46
20,Omar,Dridi,2018-11-28,KK-2026-020,2,2026-05-22 15:08:54
