id,session_id,repetitions,success_rate,progression
1,1,9,60.2,
2,2,9,52.7,-13.37
3,3,10,52.7,
4,4,10,68.7,21.52
5,5,13,61.3,3.4
6,6,6,59.0,-5.49
7,7,7,62.4,18.07
8,8,11,70.3,3.98
9,9,9,55.8,-8.0
10,10,14,60.4,-2.71
11,11,13,54.7,-4.35
12,12,16,55.2,
13,13,7,72.1,12.3
14,14,16,41.6,
15,15,16,53.2,
16,16,8,54.6,-3.95
17,17,13,41.6,15.66
18,18,10,55.4,0.58
19,19,20,51.3,2.11
20,20,12,60.4,-4.32
21,21,14,36.8,-14.17
22,22,19,48.2,
23,23,14,46.6,0.78
24,24,14,49.3,9.22
25,25,19,66.9,12.73
26,26,16,42.5,-7.56
27,27,17,40.0,-25.09
28,28,13,52.4,
29,29,11,45.6,
30,30,17,44.2,-0.96
31,31,12,56.1,9.53
32,32,10,53.6,
33,33,15,59.6,15.96
34,34,20,55.1,32.78
35,35,11,48.3,
36,36,15,44.9,
37,37,6,44.0,17.69
38,38,22,57.8,-3.42
39,39,8,54.2,19.55
40,40,9,47.6,-6.85
41,41,18,51.9,4.26
42,42,15,46.2,-20.35
43,43,13,48.8,21.16
44,44,11,58.3,-5.08
45,45,13,54.0,8.03
46,46,9,49.6,
47,47,15,61.1,3.07
48,48,8,48.2,-5.59
49,49,22,64.8,-4.48
50,50,14,42.4,2.3
51,51,16,55.4,-10.14
52,52,10,43.4,
53,53,8,44.8,13.54
54,54,14,43.5,12.26
55,55,8,47.2,0.19
56,56,10,67.2,8.95
57,57,18,45.7,-2.47
58,58,14,51.2,6.81
59,59,16,56.0,0.39
60,60,16,60.6,-7.8
61,61,14,59.8,3.8
62,62,11,48.5,-18.31
63,63,11,42.8,9.23
64,64,23,60.4,9.53
65,65,12,57.8,
66,66,15,51.1,-10.15
67,67,7,54.5,12.86
68,68,18,46.8,7.8
69,69,8,59.4,
70,70,11,45.0,11.85
71,71,11,65.6,20.04
72,72,16,53.7,27.73
73,73,16,53.7,13.59
74,74,5,61.8,0.7
75,75,12,49.8,
76,76,14,49.8,
77,77,18,62.9,0.53
78,78,13,61.6,13.1
79,79,16,69.1,32.64
80,80,8,49.3,-14.53
81,81,13,54.4,1.83
82,82,16,45.6,-14.9
83,83,9,48.8,9.17
84,84,16,59.4,-7.89
85,85,20,48.1,-7.78
86,86,16,66.8,5.52
87,87,8,61.1,8.92
88,88,9,57.7,12.12
89,89,12,45.2,-6.15
90,90,18,78.0,21.44
91,91,19,48.7,0.17
92,92,14,54.5,-11.84
93,93,14,54.3,11.76
94,94,14,43.9,9.26
95,95,15,58.7,19.62
96,96,15,67.7,13.4
97,97,13,28.1,
98,98,15,59.3,
99,99,10,61.8,0.0
100,100,18,46.7,7.28
101,101,7,57.3,
102,102,17,47.0,-2.16
103,103,14,60.4,1.03
104,104,13,58.9,-5.27
105,105,9,60.2,-6.24
106,106,13,24.6,14.65
107,107,16,64.9,-2.28
108,108,11,74.2,11.99
109,109,13,52.6,2.43
110,110,13,48.4,10.15
111,111,11,47.0,-9.35
112,112,13,67.4,4.4
113,113,17,61.7,2.51
114,114,15,58.9,1.17
115,115,14,63.8,19.52
116,116,6,49.9,10.21
117,117,11,43.1,2.39
118,118,19,70.2,11.67
119,119,11,47.7,
120,120,11,65.3,3.15
121,121,9,55.2,-2.96
122,122,6,48.2,
123,123,16,56.0,48.61
124,124,9,45.3,
125,125,16,54.6,10.1
126,126,14,65.8,5.68
127,127,14,55.9,-0.2
128,128,9,56.8,-6.38
129,129,12,53.3,-0.58
130,130,15,58.8,0.75
131,131,17,69.5,-3.48
132,132,14,48.2,
133,133,7,61.0,2.02
134,134,19,47.9,-9.88
135,135,15,63.1,29.74
136,136,13,55.5,4.49
137,137,13,55.7,3.66
138,138,18,48.5,0.81
139,139,7,73.0,10.26
140,140,15,57.1,-2.29
141,141,17,49.4,
142,142,12,36.2,-12.47
143,143,12,50.5,-9.63
144,144,10,58.6,5.72
145,145,9,62.0,4.76
146,146,11,53.5,-7.82
147,147,11,60.4,-0.78
148,148,9,59.7,-9.47
149,149,14,51.8,
150,150,19,54.3,3.35
151,151,15,57.0,-11.86
152,152,13,52.5,-6.23
153,153,12,37.5,-1.01
154,154,14,55.7,-12.8
155,155,15,46.4,2.5
156,156,12,43.8,-13.44
157,157,12,58.2,-1.24
158,158,10,52.8,-0.78
159,159,16,57.6,
160,160,13,44.2,16.28
161,161,18,55.5,10.18
162,162,13,53.9,5.78
163,163,16,81.2,
164,164,19,61.1,7.1
165,165,9,49.7,-2.97
166,166,11,67.5,10.26
167,167,11,72.6,9.76
168,168,9,60.2,-1.22
169,169,20,63.4,25.62
170,170,16,58.1,-28.67
171,171,13,66.5,8.45
172,172,14,59.1,19.29
173,173,18,55.8,37.4
174,174,13,47.5,-7.34
175,175,16,68.1,28.46
176,176,14,64.6,
177,177,9,48.2,-0.41
178,178,14,55.9,20.87
179,179,17,50.9,11.82
180,180,11,58.5,3.47
181,181,12,64.5,-3.68
182,182,16,56.7,-5.74
183,183,7,67.2,1.0
184,184,16,40.7,-4.21
185,185,15,57.1,-7.13
186,186,17,63.7,
187,187,13,68.6,21.73
188,188,15,50.8,-20.38
189,189,15,57.3,10.45
190,190,12,45.2,
191,191,13,71.2,8.9
192,192,14,66.2,13.11
193,193,19,64.8,14.46
194,194,11,69.2,1.66
195,195,5,54.7,-19.58
196,196,11,52.8,10.66
197,197,14,52.5,8.8
198,198,13,65.0,8.38
199,199,14,59.0,-7.13
200,200,16,69.8,16.04
201,201,19,51.9,
202,202,15,57.1,-0.2
203,203,9,61.9,8.92
204,204,11,54.7,4.46
205,205,18,58.8,
206,206,14,41.7,-11.13
207,207,14,41.4,-9.72
208,208,15,63.2,-4.16
209,209,10,49.9,-12.32
210,210,15,66.3,14.98
211,211,10,59.8,-4.26
212,212,11,44.1,
213,213,12,61.9,5.24
214,214,14,54.2,14.04
215,215,13,58.7,15.51
216,216,15,57.5,-9.06
217,217,19,52.7,-17.47
218,218,9,52.9,16.36
219,219,14,60.2,-1.89
220,220,15,52.4,10.43
221,221,14,62.0,-10.45
222,222,9,58.3,-5.51
223,223,11,47.8,-43.55
224,224,19,53.5,31.6
225,225,14,59.7,-0.69
226,226,13,62.3,24.53
227,227,18,48.1,23.21
228,228,14,55.9,-6.12
229,229,14,29.6,-49.48
230,230,16,52.9,-0.36
231,231,16,51.1,-10.56
232,232,9,51.7,5.8
233,233,13,62.2,-0.69
234,234,11,60.7,-6.15
235,235,17,71.9,24.39
236,236,13,66.3,52.53
237,237,17,48.9,-9.28
238,238,14,51.6,-14.67
239,239,15,55.8,-16.11
240,240,16,63.1,11.07
241,241,8,52.6,
242,242,15,53.1,-5.09
243,243,11,51.3,8.76
244,244,17,47.3,-23.86
245,245,17,54.9,107.02
246,246,13,55.1,3.46
247,247,7,60.6,-1.5
248,248,21,52.2,24.43
249,249,16,54.2,0.64
250,250,7,58.7,15.9
251,251,10,69.9,6.27
252,252,16,58.7,
253,253,14,44.4,23.56
254,254,13,58.0,28.45
255,255,13,60.3,-6.74
256,256,15,62.3,
257,257,16,52.4,-15.31
258,258,8,56.7,-14.16
259,259,16,69.8,-5.11
260,260,17,50.5,-7.32
261,261,13,56.7,
262,262,14,70.3,7.61
263,263,17,63.6,23.92
264,264,15,43.0,-49.86
265,265,26,53.0,-5.79
266,266,14,55.9,21.49
267,267,9,60.0,2.69
268,268,10,50.5,7.19
269,269,12,61.6,-11.06
270,270,16,68.5,-4.85
271,271,18,47.7,
272,272,15,50.7,
273,273,15,55.8,29.54
274,274,9,66.3,6.75
275,275,16,64.5,-2.97
276,276,19,60.6,6.78
277,277,15,60.9,9.73
278,278,16,47.4,-6.01
279,279,17,68.2,95.11
280,280,14,55.6,-2.63
281,281,20,53.2,14.73
282,282,16,48.3,8.58
283,283,17,65.5,0.96
284,284,9,52.2,1.68
285,285,14,61.3,17.18
286,286,18,72.4,25.42
287,287,7,57.7,-10.58
288,288,18,52.3,0.54
289,289,15,64.2,-1.71
290,290,10,54.1,-10.73
291,291,13,60.4,11.51
292,292,10,49.8,-18.71
293,293,15,47.0,13.87
294,294,16,53.8,13.76
295,295,13,37.8,-1.83
296,296,9,61.0,28.02
297,297,17,57.6,13.43
298,298,20,53.6,37.28
299,299,7,69.5,-6.32
300,300,15,57.6,5.09
301,301,12,62.3,-34.02
302,302,19,48.3,0.4
303,303,18,48.7,-34.47
304,304,7,64.3,-0.15
305,305,16,68.8,2.69
306,306,18,69.0,23.82
307,307,14,53.0,-2.4
308,308,16,52.2,
309,309,15,53.2,-4.87
310,310,14,51.9,23.71
311,311,12,41.5,
312,312,15,53.9,11.0
313,313,13,70.1,10.81
314,314,19,57.5,-12.05
315,315,18,45.1,-9.79
316,316,16,50.8,-20.93
317,317,16,63.7,-0.51
318,318,14,61.2,28.26
319,319,11,59.9,20.5
320,320,12,59.5,5.5
321,321,13,66.3,32.37
322,322,15,55.7,-1.24
323,323,12,55.5,-11.32
324,324,16,66.9,0.46
325,325,14,50.9,-26.14
326,326,16,58.2,-1.74
327,327,18,61.0,-2.47
328,328,14,57.3,-23.37
329,329,14,43.3,-2.51
330,330,18,55.7,-2.27
331,331,14,54.4,9.3
332,332,13,62.1,9.01
333,333,16,64.3,3.54
334,334,16,61.8,-0.7
335,335,7,49.9,-10.3
336,336,15,47.1,5.9
337,337,10,59.2,1.06
338,338,16,69.9,1.69
339,339,15,62.4,8.0
340,340,20,57.9,4.65
341,341,17,57.7,6.82
342,342,15,54.6,-15.88
343,343,16,64.0,-10.61
344,344,15,68.0,1.74
345,345,16,56.5,-0.53
346,346,21,39.0,-41.82
347,347,11,59.9,6.45
348,348,17,64.4,11.57
349,349,20,59.7,-1.08
350,350,10,68.0,-3.7
351,351,11,63.8,-6.51
352,352,12,57.2,-0.84
353,353,12,56.1,-3.55
354,354,20,62.5,7.95
355,355,12,63.2,-9.23
356,356,15,66.0,24.46
357,357,16,79.4,30.69
358,358,15,67.3,-5.28
359,359,21,54.3,-4.27
360,360,9,54.3,2.23
361,361,21,58.8,
362,362,16,56.4,-20.07
363,363,11,57.9,-3.74
364,364,15,56.0,-5.82
365,365,13,51.0,-16.37
366,366,19,43.7,-1.05
367,367,16,61.7,7.69
368,368,12,58.5,7.07
369,369,13,59.9,-10.03
370,370,21,47.8,12.08
371,371,12,58.7,-4.21
372,372,17,76.6,10.26
373,373,14,67.2,6.4
374,374,16,59.7,13.13
375,375,14,59.8,3.58
376,376,11,57.1,6.82
377,377,16,40.5,3.77
378,378,18,68.8,3.64
379,379,12,39.0,-49.66
380,380,11,60.8,14.51
381,381,17,58.6,9.46
382,382,12,53.3,5.08
383,383,14,59.4,-6.2
384,384,13,65.6,1.09
385,385,14,56.9,-4.4
386,386,16,77.2,3.66
387,387,15,55.4,0.5
388,388,17,58.3,28.67
389,389,18,55.6,-0.35
390,390,16,59.5,28.3
391,391,15,54.3,-23.57
392,392,11,64.0,3.17
393,393,12,73.8,6.16
394,394,15,50.2,-2.96
395,395,23,50.9,-7.38
396,396,17,68.7,9.0
397,397,8,61.7,-9.32
398,398,10,81.3,53.01
399,399,14,66.4,11.09
400,400,17,47.0,-3.67
401,401,18,45.8,30.29
402,402,18,71.0,6.84
403,403,16,61.5,-7.59
404,404,18,57.7,16.82
405,405,19,52.4,-5.44
406,406,17,59.7,7.58
407,407,14,63.3,-0.16
408,408,17,55.5,-16.25
409,409,16,55.3,39.66
410,410,11,55.0,-7.26
411,411,18,56.1,-3.75
412,412,18,65.7,1.71
413,413,17,56.7,-16.71
414,414,18,55.1,2.68
415,415,12,52.8,1.5
416,416,18,56.1,-6.7
417,417,14,62.8,-3.03
418,418,21,58.6,11.5
419,419,15,60.4,18.75
420,420,16,61.2,-0.64
421,421,12,82.6,14.08
422,422,17,64.2,-9.8
423,423,15,67.3,-4.33
424,424,10,57.6,-12.1
425,425,18,50.8,-10.69
426,426,21,53.3,-22.59
427,427,14,53.9,1.23
428,428,13,44.3,-12.4
429,429,11,53.5,6.41
430,430,16,66.7,30.53
431,431,26,49.6,1.85
432,432,17,74.7,3.82
433,433,12,57.0,8.26
434,434,19,60.1,-2.43
435,435,16,61.7,5.75
436,436,16,60.2,0.82
437,437,13,43.3,-11.49
438,438,15,69.9,5.82
439,439,17,59.8,-13.07
440,440,12,69.9,8.62
441,441,18,55.8,-16.5
442,442,19,77.8,3.52
443,443,15,52.6,9.29
444,444,19,65.5,7.87
445,445,17,48.3,-1.17
446,446,14,56.1,-3.25
447,447,16,74.8,18.24
448,448,15,72.5,6.21
449,449,17,59.7,24.17
450,450,21,66.3,2.89
451,451,14,53.1,-0.94
452,452,17,56.5,16.26
453,453,14,75.4,1.91
454,454,14,76.8,3.88
455,455,18,53.5,6.77
456,456,16,62.9,14.29
457,457,15,50.8,-13.6
458,458,14,46.7,-18.54
459,459,19,66.9,29.74
460,460,16,72.4,17.83
461,461,14,70.9,16.9
462,462,16,63.6,1.76
463,463,14,55.3,-14.79
464,464,18,59.8,-17.22
465,465,12,60.1,-2.7
466,466,18,54.2,32.78
467,467,7,64.3,-9.16
468,468,17,44.9,5.3
469,469,14,72.5,2.6
470,470,21,66.9,9.65
471,471,12,66.3,-3.08
472,472,14,75.1,17.6
473,473,17,63.3,-1.73
474,474,14,56.8,5.55
475,475,12,66.5,1.64
476,476,12,64.0,-3.27
477,477,12,43.9,18.99
478,478,18,54.5,8.58
479,479,16,61.9,-0.14
480,480,11,57.8,2.04
481,481,17,74.9,-0.56
482,482,16,48.3,-17.58
483,483,10,58.6,13.25
484,484,17,72.0,-4.53
485,485,16,65.4,3.7
486,486,19,50.1,-4.44
487,487,11,65.3,1.27
488,488,16,50.3,-7.77
489,489,16,69.6,-14.39
490,490,18,70.1,3.74
491,491,15,72.8,-1.94
492,492,14,71.5,2.24
493,493,18,68.2,25.61
494,494,15,80.2,6.15
495,495,18,45.8,17.65
496,496,12,65.3,3.57
497,497,12,69.6,0.27
498,498,15,70.6,3.53
499,499,11,63.5,-2.14
500,500,15,51.7,-14.5
