id,exercise_id,level_number,title,target_angle,required_score,required_progression
1,1,1,Beginner,90.0,62.0,5.0
2,1,2,Intermediate,120.0,70.0,7.5
3,1,3,Advanced,150.0,78.0,10.0
4,2,1,Beginner,60.0,64.0,5.0
5,2,2,Intermediate,90.0,72.0,7.5
6,2,3,Advanced,120.0,80.0,10.0
7,3,1,Beginner,120.0,66.0,5.0
8,3,2,Intermediate,150.0,74.0,7.5
9,3,3,Advanced,170.0,82.0,10.0
10,4,1,Beginner,45.0,60.0,5.0
11,4,2,Intermediate,70.0,68.0,7.5
12,4,3,Advanced,90.0,76.0,10.0
13,5,1,Beginner,30.0,63.0,5.0
14,5,2,Intermediate,45.0,71.0,7.5
15,5,3,Advanced,60.0,79.0,10.0
16,6,1,Beginner,60.0,65.0,5.0
17,6,2,Intermediate,80.0,73.0,7.5
18,6,3,Advanced,100.0,81.0,10.0
19,7,1,Beginner,25.0,61.0,5.0
20,7,2,Intermediate,40.0,69.0,7.5
21,7,3,Advanced,55.0,77.0,10.0
22,8,1,Beginner,45.0,64.0,5.0
23,8,2,Intermediate,70.0,72.0,7.5
24,8,3,Advanced,90.0,80.0,10.0
