id,patient_id,exercise_id,start_level_id,current_level_id,assigned_by,assigned_at,is_active
1,1,7,20,21,3,2026-04-26 11:12:54,true
2,1,8,23,23,3,2026-04-30 14:55:42,true
3,3,8,22,22,3,2026-05-20 14:54:18,false
4,20,1,2,2,2,2026-05-24 11:08:54,false
5,11,5,13,14,3,2026-05-24 14:58:28,true
6,17,3,7,7,1,2026-06-04 10:55:51,true
7,9,6,18,18,3,2026-06-06 12:16:34,true
8,19,4,11,12,2,2026-06-07 10:52:46,true
9,11,6,17,17,3,2026-06-07 14:24:44,true
10,20,6,18,18,2,2026-06-08 11:44:37,false
11,7,7,19,20,2,2026-06-09 14:44:40,true
12,10,4,10,12,2,2026-06-13 11:48:31,true
13,7,8,23,23,2,2026-06-16 14:31:28,true
14,8,8,22,23,2,2026-06-20 10:40:37,true
15,2,8,22,23,1,2026-06-21 09:41:35,true
16,6,6,16,18,3,2026-06-21 14:28:52,true
17,17,1,1,1,1,2026-06-25 14:48:35,false
18,6,2,5,6,3,2026-06-29 09:59:20,true
19,2,7,19,20,1,2026-07-01 10:47:43,true
20,18,8,23,23,2,2026-07-01 12:49:41,true
21,6,1,1,3,3,2026-07-08 13:01:23,true
22,9,5,14,14,3,2026-07-09 13:21:15,true
23,5,5,14,15,3,2026-07-10 09:55:18,true
24,4,7,19,20,2,2026-07-10 12:44:24,true
25,4,8,22,22,2,2026-07-13 13:20:12,true
26,6,5,14,14,3,2026-07-15 11:49:52,true
27,3,6,16,17,3,2026-07-16 13:04:04,true
28,14,7,19,21,1,2026-07-17 14:29:48,true
29,18,4,10,11,2,2026-07-21 14:16:33,true
30,5,1,1,3,3,2026-07-23 09:35:39,true
31,20,3,7,7,2,2026-07-23 11:14:31,true
32,5,2,5,6,3,2026-07-26 11:11:55,true
33,13,7,19,20,3,2026-07-26 12:24:59,true
34,12,1,1,1,3,2026-07-30 10:32:41,true
35,10,6,16,17,2,2026-08-02 10:09:40,true
36,13,8,22,23,3,2026-08-05 09:15:26,true
37,16,4,10,11,1,2026-08-05 13:37:07,true
38,18,7,19,20,2,2026-08-05 14:48:18,true
39,14,8,22,23,1,2026-08-07 12:29:38,true
40,16,5,14,15,1,2026-08-07 12:53:31,true
41,15,7,19,19,3,2026-08-13 09:17:03,true
42,3,4,12,12,3,2026-08-15 13:28:40,true
43,15,8,23,23,3,2026-08-22 12:01:34,true
