id,patient_exercise_id,exercise_level_id,session_date,duration,score
1,1,20,2026-04-30 15:50:31,4,60.6
2,1,20,2026-05-04 15:00:15,8,52.5
3,2,23,2026-05-05 15:20:38,6,47.1
4,1,20,2026-05-07 15:00:09,5,63.8
5,2,23,2026-05-08 15:20:48,7,48.7
6,1,20,2026-05-12 15:10:22,4,60.3
7,2,23,2026-05-12 15:55:04,6,57.5
8,1,20,2026-05-16 10:45:20,9,62.7
9,2,23,2026-05-18 15:00:36,6,52.9
10,1,20,2026-05-21 15:40:50,7,61.0
11,2,23,2026-05-22 15:50:42,8,50.6
12,3,22,2026-05-23 10:45:44,6,49.5
13,1,20,2026-05-25 15:20:30,4,68.5
14,4,2,2026-05-26 16:20:38,8,41.5
15,5,13,2026-05-27 16:30:20,6,52.2
16,2,23,2026-05-28 15:50:49,7,48.6
17,4,2,2026-05-29 16:00:50,7,48.0
18,1,20,2026-05-30 10:15:13,6,68.9
19,5,13,2026-05-30 10:45:54,13,53.3
20,5,13,2026-06-02 16:50:43,7,51.0
21,4,2,2026-06-03 16:30:17,6,41.2
22,6,7,2026-06-06 10:00:19,9,44.5
23,5,13,2026-06-06 10:30:38,7,51.4
24,4,2,2026-06-06 10:45:50,8,45.0
25,3,22,2026-06-08 15:20:54,7,55.8
26,4,2,2026-06-09 16:40:48,9,41.6
27,3,22,2026-06-10 15:50:05,9,41.8
28,10,18,2026-06-11 16:00:42,7,46.7
29,8,11,2026-06-11 16:10:50,4,43.0
30,4,2,2026-06-11 16:20:46,10,41.2
31,5,13,2026-06-11 16:50:03,8,56.3
32,7,18,2026-06-11 17:20:05,5,44.1
33,6,7,2026-06-11 17:50:59,8,51.6
34,3,22,2026-06-12 15:10:00,11,55.5
35,9,17,2026-06-12 16:10:50,9,54.8
36,11,19,2026-06-12 17:00:44,7,42.4
37,7,18,2026-06-13 10:15:12,4,51.9
38,3,22,2026-06-15 15:00:19,11,53.6
39,2,23,2026-06-15 15:30:51,5,58.1
40,10,18,2026-06-15 16:30:27,4,43.5
41,5,13,2026-06-15 16:50:56,9,58.7
42,6,7,2026-06-15 17:50:32,9,41.1
43,8,11,2026-06-16 16:10:03,8,52.1
44,1,20,2026-06-17 15:40:41,9,65.4
45,9,17,2026-06-17 16:00:55,9,59.2
46,12,10,2026-06-17 17:20:54,6,45.8
47,5,13,2026-06-18 16:20:08,10,60.5
48,7,18,2026-06-18 17:30:31,6,49.0
49,3,22,2026-06-19 15:40:01,9,51.2
50,10,18,2026-06-19 16:10:38,8,44.5
51,9,17,2026-06-19 16:30:54,7,53.2
52,13,23,2026-06-19 17:30:00,5,46.4
53,12,10,2026-06-19 17:50:36,7,52.0
54,11,19,2026-06-19 18:25:28,7,47.6
55,8,11,2026-06-20 10:00:16,5,52.2
56,2,23,2026-06-20 10:00:32,3,63.3
57,10,18,2026-06-20 10:00:50,10,43.4
58,6,7,2026-06-20 10:15:13,6,43.9
59,3,22,2026-06-20 10:15:19,8,51.4
60,1,20,2026-06-20 10:30:31,10,60.3
61,5,14,2026-06-20 10:30:43,9,62.8
62,5,14,2026-06-22 16:00:38,7,51.3
63,12,10,2026-06-22 17:00:41,4,56.8
64,3,22,2026-06-23 15:00:44,12,56.3
65,15,22,2026-06-23 15:40:41,7,45.8
66,9,17,2026-06-23 16:50:44,9,47.8
67,7,18,2026-06-23 17:00:53,6,55.3
68,5,14,2026-06-24 16:10:48,9,55.3
69,14,22,2026-06-24 16:40:30,4,54.3
70,6,7,2026-06-24 17:10:18,7,49.1
71,13,23,2026-06-24 17:50:41,7,55.7
72,11,19,2026-06-24 18:35:11,10,60.8
73,10,18,2026-06-25 16:40:38,7,49.3
74,12,10,2026-06-25 17:30:47,3,57.2
75,16,16,2026-06-25 17:50:08,6,49.5
76,17,1,2026-06-27 10:00:10,7,48.6
77,3,22,2026-06-27 10:00:26,8,56.6
78,1,20,2026-06-27 10:00:27,7,68.2
79,9,17,2026-06-27 10:30:03,7,63.4
80,2,23,2026-06-27 10:45:14,6,54.1
81,6,7,2026-06-27 10:45:15,7,50.0
82,13,23,2026-06-27 10:45:42,7,47.4
83,15,22,2026-06-27 10:45:44,7,50.0
84,9,17,2026-06-29 16:00:04,8,58.4
85,5,14,2026-06-29 16:45:08,9,51.0
86,14,22,2026-06-30 16:50:21,9,57.3
87,12,10,2026-06-30 17:00:20,7,62.3
88,16,16,2026-06-30 17:50:09,4,55.5
89,7,18,2026-06-30 17:50:11,9,51.9
90,2,23,2026-07-01 15:00:53,9,65.7
91,9,17,2026-07-01 16:30:20,7,58.5
92,11,19,2026-07-01 17:50:50,8,53.6
93,5,14,2026-07-02 16:00:58,6,57.0
94,17,1,2026-07-02 17:10:26,10,53.1
95,13,23,2026-07-02 17:30:14,6,56.7
96,15,22,2026-07-03 15:00:38,9,56.7
97,20,23,2026-07-03 16:00:49,7,31.4
98,18,5,2026-07-03 17:30:44,8,51.3
99,7,18,2026-07-04 10:00:46,8,51.9
100,4,2,2026-07-04 10:15:26,9,44.2
101,19,19,2026-07-04 10:15:37,5,57.4
102,16,16,2026-07-04 10:15:59,11,54.3
103,9,17,2026-07-04 10:30:33,7,59.1
104,17,1,2026-07-04 10:45:11,8,50.3
105,2,23,2026-07-07 15:50:21,7,61.6
106,20,23,2026-07-07 16:10:42,7,36.0
107,5,14,2026-07-07 16:30:52,9,55.7
108,13,23,2026-07-07 17:00:01,7,63.5
109,11,19,2026-07-07 17:45:19,8,54.9
110,8,11,2026-07-08 16:40:13,8,57.5
111,15,22,2026-07-09 15:50:54,8,51.4
112,9,17,2026-07-09 16:20:23,5,61.7
113,5,14,2026-07-09 17:05:41,11,57.1
114,18,5,2026-07-09 17:10:51,9,51.9
115,16,16,2026-07-09 17:40:51,7,64.9
116,7,18,2026-07-10 17:00:38,5,57.2
117,17,1,2026-07-10 17:10:46,6,51.5
118,9,17,2026-07-11 10:00:44,10,68.9
119,23,14,2026-07-11 10:15:19,7,42.7
120,13,23,2026-07-11 10:15:39,9,65.5
121,19,19,2026-07-11 10:15:52,5,55.7
122,22,14,2026-07-11 10:30:13,4,49.5
123,20,23,2026-07-11 10:30:29,9,53.5
124,21,1,2026-07-11 10:30:32,6,44.9
125,17,1,2026-07-11 10:45:28,10,56.7
126,2,23,2026-07-13 15:10:20,9,65.1
127,10,18,2026-07-13 16:20:32,10,49.2
128,11,20,2026-07-13 17:20:49,5,51.4
129,15,22,2026-07-14 15:20:38,9,51.1
130,20,23,2026-07-14 16:00:51,6,53.9
131,9,17,2026-07-14 16:40:56,9,66.5
132,24,19,2026-07-14 17:00:19,7,52.3
133,22,14,2026-07-14 17:20:34,6,50.5
134,17,1,2026-07-15 17:10:58,11,51.1
135,23,14,2026-07-16 15:20:53,7,55.4
136,19,19,2026-07-16 15:20:56,6,58.2
137,14,22,2026-07-16 16:10:25,9,59.4
138,10,18,2026-07-16 16:20:15,12,49.6
139,8,11,2026-07-16 16:30:56,4,63.4
140,24,19,2026-07-16 17:10:57,7,51.1
141,25,22,2026-07-16 17:40:28,9,45.4
142,21,1,2026-07-16 17:40:44,6,39.3
143,12,11,2026-07-16 17:50:29,10,56.3
144,1,20,2026-07-17 15:00:21,8,72.1
145,2,23,2026-07-17 15:55:17,3,68.2
146,9,17,2026-07-17 16:40:19,6,61.3
147,17,1,2026-07-17 17:00:27,8,50.7
148,13,23,2026-07-17 17:20:15,6,59.3
149,26,14,2026-07-17 17:50:59,8,44.0
150,17,1,2026-07-18 10:00:21,9,52.4
151,19,19,2026-07-18 10:15:14,8,51.3
152,11,20,2026-07-18 10:30:29,6,48.2
153,10,18,2026-07-18 10:30:38,6,49.1
154,6,7,2026-07-18 10:30:43,10,43.6
155,26,14,2026-07-18 10:30:43,7,45.1
156,25,22,2026-07-18 10:30:51,6,39.3
157,12,11,2026-07-18 10:45:27,6,55.6
158,15,22,2026-07-18 10:45:29,6,50.7
159,27,16,2026-07-18 10:45:49,7,48.0
160,21,1,2026-07-18 11:00:39,7,45.7
161,24,19,2026-07-18 11:30:19,11,56.3
162,23,14,2026-07-20 15:10:30,7,58.6
163,28,19,2026-07-20 15:30:54,9,85.1
164,24,19,2026-07-20 17:20:36,10,60.3
165,22,14,2026-07-20 17:30:10,6,49.0
166,1,20,2026-07-21 15:30:00,9,79.5
167,14,22,2026-07-21 16:10:55,5,65.2
168,10,18,2026-07-21 16:20:57,7,48.5
169,27,16,2026-07-22 15:40:31,10,60.3
170,28,19,2026-07-22 15:40:47,8,60.7
171,12,11,2026-07-22 17:00:16,8,60.3
172,11,20,2026-07-22 17:20:34,10,57.5
173,25,22,2026-07-22 17:40:43,10,54.0
174,23,14,2026-07-23 15:10:42,7,54.3
175,19,19,2026-07-23 15:20:37,8,65.9
176,29,10,2026-07-23 16:40:33,5,63.3
177,22,14,2026-07-23 17:20:26,6,48.8
178,6,7,2026-07-23 17:20:30,6,52.7
179,21,1,2026-07-24 17:00:10,9,51.1
180,18,5,2026-07-24 17:50:04,6,53.7
181,14,22,2026-07-25 10:00:06,7,62.8
182,25,22,2026-07-25 10:00:08,10,50.9
183,12,11,2026-07-25 10:00:18,6,60.9
184,26,14,2026-07-25 10:00:52,5,43.2
185,27,16,2026-07-25 10:00:56,8,56.0
186,31,7,2026-07-25 10:00:56,8,55.1
187,23,14,2026-07-25 10:15:21,8,66.1
188,29,10,2026-07-25 10:15:44,9,50.4
189,15,22,2026-07-25 10:45:51,10,56.0
190,30,1,2026-07-27 15:20:34,8,38.5
191,28,19,2026-07-27 15:40:54,8,66.1
192,21,1,2026-07-27 17:00:17,8,57.8
193,27,16,2026-07-28 15:30:01,10,64.1
194,23,14,2026-07-28 15:30:28,7,67.2
195,19,20,2026-07-28 15:50:36,3,53.0
196,22,14,2026-07-28 17:00:30,7,54.0
197,26,14,2026-07-28 17:10:31,5,47.0
198,18,5,2026-07-28 17:45:35,9,58.2
199,11,20,2026-07-28 17:50:41,12,53.4
200,28,19,2026-07-29 15:30:06,9,76.7
201,33,19,2026-07-29 15:50:22,8,48.1
202,25,22,2026-07-29 17:30:19,9,50.8
203,14,22,2026-07-30 16:00:53,5,68.4
204,15,22,2026-07-31 15:10:58,6,58.5
205,32,5,2026-07-31 15:40:59,12,47.4
206,20,23,2026-07-31 16:30:40,9,47.9
207,29,10,2026-07-31 16:50:55,5,45.5
208,16,16,2026-07-31 17:00:11,6,62.2
209,12,11,2026-07-31 17:10:36,4,53.4
210,11,20,2026-07-31 17:40:53,9,61.4
211,22,14,2026-07-31 17:40:57,6,51.7
212,34,1,2026-08-01 10:00:32,4,49.1
213,7,18,2026-08-01 10:15:08,6,60.2
214,26,14,2026-08-01 10:15:12,8,53.6
215,13,23,2026-08-01 10:15:33,9,68.5
216,14,23,2026-08-01 10:15:49,11,62.2
217,27,16,2026-08-01 10:30:35,11,52.9
218,30,1,2026-08-01 10:45:01,5,44.8
219,8,11,2026-08-01 10:45:05,9,62.2
220,25,22,2026-08-01 10:45:23,7,56.1
221,24,19,2026-08-01 11:15:14,7,54.0
222,23,14,2026-08-01 11:30:56,5,63.5
223,28,20,2026-08-03 15:00:03,7,43.3
224,33,19,2026-08-03 15:20:43,10,63.3
225,18,5,2026-08-03 17:40:38,8,57.8
226,12,11,2026-08-03 17:50:35,9,66.5
227,30,1,2026-08-04 15:50:41,10,55.2
228,32,5,2026-08-04 16:35:29,8,44.5
229,20,23,2026-08-04 16:50:35,10,24.2
230,25,22,2026-08-04 17:00:33,8,55.9
231,24,19,2026-08-04 17:20:24,9,48.3
232,22,14,2026-08-04 17:30:18,6,54.7
233,21,1,2026-08-04 17:30:44,7,57.4
234,15,22,2026-08-05 15:10:04,5,54.9
235,27,16,2026-08-05 15:50:19,9,65.8
236,29,10,2026-08-05 16:30:18,8,69.4
237,11,20,2026-08-05 17:00:03,10,55.7
238,30,1,2026-08-06 15:00:53,9,47.1
239,33,19,2026-08-06 15:50:58,11,53.1
240,18,5,2026-08-06 17:30:06,9,64.2
241,35,16,2026-08-06 17:50:00,4,50.1
242,34,1,2026-08-07 15:00:51,9,46.6
243,32,5,2026-08-07 15:20:03,7,48.4
244,27,17,2026-08-07 15:50:04,9,50.1
245,20,23,2026-08-07 16:10:48,12,50.1
246,23,14,2026-08-07 16:15:02,6,65.7
247,7,18,2026-08-07 17:00:49,3,59.3
248,24,19,2026-08-07 17:40:36,11,60.1
249,16,16,2026-08-07 17:50:20,8,62.6
250,22,14,2026-08-08 10:00:06,4,63.4
251,8,11,2026-08-08 10:00:08,8,66.1
252,37,10,2026-08-08 10:00:25,10,55.2
253,28,20,2026-08-08 10:00:30,7,53.5
254,30,1,2026-08-08 10:00:38,7,60.5
255,15,22,2026-08-08 10:15:00,8,51.2
256,36,22,2026-08-08 10:15:20,8,53.9
257,24,19,2026-08-08 10:15:33,6,50.9
258,13,23,2026-08-08 10:15:37,6,58.8
259,12,11,2026-08-08 10:15:47,8,63.1
260,21,2,2026-08-08 10:30:09,11,53.2
261,38,19,2026-08-08 10:30:38,5,53.6
262,23,14,2026-08-08 10:30:45,9,70.7
263,33,19,2026-08-08 10:45:51,9,65.8
264,29,10,2026-08-08 11:15:22,9,34.8
265,27,17,2026-08-10 15:30:00,14,47.2
266,32,5,2026-08-10 15:30:22,8,58.8
267,12,11,2026-08-10 17:00:21,6,64.8
268,35,16,2026-08-10 17:20:55,6,53.7
269,18,5,2026-08-10 17:40:04,4,57.1
270,11,20,2026-08-10 17:50:50,9,53.0
271,39,22,2026-08-11 15:30:04,13,39.7
272,40,14,2026-08-11 16:10:02,8,44.7
273,20,23,2026-08-11 16:50:03,8,64.9
274,7,18,2026-08-11 17:30:29,7,63.3
275,23,14,2026-08-12 15:00:01,8,68.6
276,27,17,2026-08-12 15:30:10,10,50.4
277,33,19,2026-08-12 15:40:45,9,72.2
278,34,1,2026-08-12 15:50:22,8,43.8
279,29,10,2026-08-12 16:00:50,11,67.9
280,21,2,2026-08-12 17:20:34,9,51.8
281,24,19,2026-08-12 17:40:31,10,58.4
282,38,19,2026-08-13 16:50:59,9,58.2
283,16,17,2026-08-13 17:20:13,8,63.2
284,35,16,2026-08-13 17:40:05,5,54.6
285,13,23,2026-08-13 17:40:17,11,68.9
286,36,22,2026-08-14 15:00:24,10,67.6
287,30,2,2026-08-14 15:40:14,5,54.1
288,31,7,2026-08-14 16:00:46,9,55.4
289,24,20,2026-08-14 17:20:38,7,57.4
290,22,14,2026-08-14 17:40:45,7,56.6
291,11,20,2026-08-14 17:50:51,8,59.1
292,32,5,2026-08-15 10:00:05,6,47.8
293,15,22,2026-08-15 10:00:13,8,58.3
294,24,20,2026-08-15 10:00:18,11,65.3
295,34,1,2026-08-15 10:00:47,8,43.0
296,35,16,2026-08-15 10:15:47,6,69.9
297,26,14,2026-08-15 10:30:05,9,60.8
298,39,22,2026-08-15 10:30:14,10,54.5
299,7,18,2026-08-15 10:30:49,5,59.3
300,19,20,2026-08-15 10:30:57,7,55.7
301,29,11,2026-08-15 10:45:06,7,44.8
302,27,17,2026-08-15 10:45:30,12,50.6
303,36,22,2026-08-15 10:45:32,12,44.3
304,12,11,2026-08-15 11:00:06,4,64.7
305,16,17,2026-08-15 11:00:20,7,64.9
306,18,5,2026-08-15 11:30:14,12,70.7
307,30,2,2026-08-17 15:00:16,7,52.8
308,42,12,2026-08-17 15:00:45,8,63.3
309,31,7,2026-08-17 16:20:16,9,52.7
310,40,14,2026-08-17 16:30:44,6,55.3
311,41,19,2026-08-17 17:30:33,10,57.1
312,21,2,2026-08-17 17:40:13,7,57.5
313,15,22,2026-08-18 15:00:45,8,64.6
314,33,20,2026-08-18 15:30:24,12,63.5
315,38,19,2026-08-18 16:20:43,9,52.5
316,18,6,2026-08-18 17:00:06,8,55.9
317,11,20,2026-08-18 17:10:30,8,58.8
318,39,22,2026-08-19 15:20:13,6,69.9
319,32,5,2026-08-19 15:30:42,6,57.6
320,31,7,2026-08-19 16:00:18,8,55.6
321,29,11,2026-08-19 16:40:59,9,59.3
322,12,11,2026-08-19 17:30:04,7,63.9
323,13,23,2026-08-19 17:40:42,8,61.1
324,16,17,2026-08-19 17:40:44,8,65.2
325,33,20,2026-08-20 15:00:58,8,46.9
326,42,12,2026-08-20 15:40:36,7,62.2
327,26,14,2026-08-20 17:50:57,9,59.3
328,15,23,2026-08-21 15:00:49,8,49.5
329,19,20,2026-08-21 15:40:44,8,54.3
330,30,2,2026-08-21 15:50:04,9,51.6
331,34,1,2026-08-21 15:50:04,8,47.0
332,11,20,2026-08-21 17:00:41,6,64.1
333,7,18,2026-08-21 17:10:03,12,61.4
334,21,2,2026-08-21 17:30:28,8,57.1
335,35,16,2026-08-21 17:40:58,7,62.7
336,18,6,2026-08-21 17:50:21,8,59.2
337,22,14,2026-08-21 17:55:01,6,57.2
338,16,17,2026-08-22 10:15:01,9,66.3
339,38,19,2026-08-22 10:15:18,8,56.7
340,25,22,2026-08-22 10:15:48,10,58.5
341,33,20,2026-08-22 10:30:08,11,50.1
342,39,22,2026-08-22 10:30:28,8,58.8
343,42,12,2026-08-22 10:30:49,8,55.6
344,32,5,2026-08-22 10:45:07,8,58.6
345,41,19,2026-08-22 10:45:32,10,56.8
346,29,11,2026-08-22 11:00:19,12,34.5
347,19,20,2026-08-24 15:20:57,8,57.8
348,40,14,2026-08-24 16:10:00,8,61.7
349,31,7,2026-08-24 16:30:26,9,55.0
350,14,23,2026-08-24 16:50:18,8,59.9
351,7,18,2026-08-24 17:20:32,5,57.4
352,26,14,2026-08-24 17:40:13,9,58.8
353,18,6,2026-08-24 18:35:00,6,57.1
354,30,2,2026-08-25 15:30:38,11,55.7
355,8,11,2026-08-25 16:00:31,7,60.0
356,37,10,2026-08-25 16:20:09,8,68.7
357,38,19,2026-08-25 16:40:49,9,74.1
358,41,19,2026-08-25 17:40:23,8,53.8
359,25,22,2026-08-25 17:40:52,9,56.0
360,35,17,2026-08-25 17:50:31,6,64.1
361,43,23,2026-08-25 18:35:44,10,59.6
362,39,22,2026-08-26 15:00:30,10,47.0
363,28,20,2026-08-26 15:20:35,7,51.5
364,31,7,2026-08-26 16:40:56,7,51.8
365,40,14,2026-08-26 16:40:57,7,51.6
366,21,2,2026-08-26 17:00:37,7,56.5
367,13,23,2026-08-26 17:30:21,9,65.8
368,15,23,2026-08-27 15:50:59,6,53.0
369,26,14,2026-08-27 17:00:56,7,52.9
370,41,19,2026-08-27 17:30:46,11,60.3
371,11,20,2026-08-27 17:40:24,6,61.4
372,16,17,2026-08-27 17:45:24,7,73.1
373,35,17,2026-08-27 17:50:05,8,68.2
374,42,12,2026-08-28 15:10:39,10,62.9
375,32,5,2026-08-28 15:30:09,10,60.7
376,30,2,2026-08-28 15:50:46,6,59.5
377,29,11,2026-08-28 16:00:36,8,35.8
378,23,14,2026-08-28 16:15:56,8,71.1
379,38,20,2026-08-28 16:20:33,6,37.3
380,22,14,2026-08-28 17:30:14,6,65.5
381,25,22,2026-08-28 17:30:53,7,61.3
382,18,6,2026-08-28 17:40:59,6,60.0
383,40,14,2026-08-29 10:00:03,10,48.4
384,16,17,2026-08-29 10:00:07,8,73.9
385,25,22,2026-08-29 10:00:09,9,58.6
386,23,14,2026-08-29 10:00:10,8,73.7
387,41,19,2026-08-29 10:00:15,8,60.6
388,36,22,2026-08-29 10:00:42,8,57.0
389,19,20,2026-08-29 10:15:09,9,57.6
390,39,22,2026-08-29 10:15:50,9,60.3
391,20,23,2026-08-29 10:15:51,8,49.6
392,14,23,2026-08-29 10:30:11,6,61.8
393,35,17,2026-08-29 10:30:23,8,72.4
394,7,18,2026-08-29 10:30:26,7,55.7
395,43,23,2026-08-29 10:45:08,11,55.2
396,8,11,2026-08-29 10:45:13,8,65.4
397,37,10,2026-08-29 10:45:47,6,62.3
398,28,20,2026-08-29 10:45:49,7,78.8
399,30,2,2026-08-31 15:20:37,7,66.1
400,31,7,2026-08-31 16:50:25,9,49.9
401,38,20,2026-08-31 16:50:27,8,48.6
402,13,23,2026-08-31 17:10:17,10,70.3
403,41,19,2026-08-31 17:20:54,8,56.0
404,26,14,2026-08-31 17:50:39,7,61.8
405,36,22,2026-09-01 15:10:33,8,53.9
406,32,5,2026-09-01 15:20:00,9,65.3
407,42,12,2026-09-01 15:30:06,6,62.8
408,39,22,2026-09-01 15:40:32,8,50.5
409,29,11,2026-09-01 16:10:55,8,50.0
410,21,2,2026-09-01 17:00:40,6,52.4
411,11,20,2026-09-01 17:00:43,11,59.1
412,25,22,2026-09-01 17:00:53,7,59.6
413,35,17,2026-09-01 17:50:25,10,60.3
414,41,19,2026-09-02 17:20:18,9,57.5
415,18,6,2026-09-02 17:40:24,9,60.9
416,43,23,2026-09-02 18:05:20,9,51.5
417,42,12,2026-09-03 15:40:29,7,60.9
418,36,22,2026-09-03 15:50:26,9,60.1
419,20,23,2026-09-03 16:00:24,9,58.9
420,37,10,2026-09-03 16:50:01,7,61.9
421,14,23,2026-09-03 16:50:17,4,70.5
422,24,20,2026-09-03 17:40:44,10,58.9
423,16,17,2026-09-03 17:50:22,7,70.7
424,30,3,2026-09-04 15:00:20,6,58.1
425,39,22,2026-09-04 15:20:49,8,45.1
426,28,20,2026-09-04 15:40:01,12,61.0
427,38,20,2026-09-04 16:00:25,8,49.2
428,40,14,2026-09-04 16:10:54,9,42.4
429,31,7,2026-09-04 16:50:41,5,53.1
430,21,2,2026-09-04 17:10:51,6,68.4
431,25,22,2026-09-04 17:50:18,11,60.7
432,8,11,2026-09-05 10:00:45,7,67.9
433,30,3,2026-09-05 10:15:32,6,62.9
434,41,19,2026-09-05 10:15:33,9,56.1
435,11,20,2026-09-05 10:15:34,9,62.5
436,42,12,2026-09-05 10:15:43,9,61.4
437,34,1,2026-09-05 10:15:44,8,41.6
438,36,23,2026-09-05 10:30:04,7,63.6
439,24,20,2026-09-05 10:30:26,9,51.2
440,35,17,2026-09-05 10:45:12,6,65.5
441,26,14,2026-09-05 10:45:44,7,51.6
442,32,5,2026-09-05 11:15:14,10,67.6
443,27,17,2026-09-05 11:15:24,8,55.3
444,28,21,2026-09-07 15:40:20,10,65.8
445,43,23,2026-09-07 17:10:01,8,50.9
446,16,17,2026-09-07 17:50:48,7,68.4
447,42,12,2026-09-08 15:00:27,8,72.6
448,32,5,2026-09-08 15:00:57,10,71.8
449,39,22,2026-09-08 15:40:01,10,56.0
450,27,17,2026-09-08 15:40:30,11,56.9
451,31,7,2026-09-08 16:20:03,8,52.6
452,38,20,2026-09-08 16:20:18,7,57.2
453,8,11,2026-09-08 16:40:14,9,69.2
454,37,11,2026-09-08 16:40:26,7,64.3
455,41,19,2026-09-08 17:10:59,10,59.9
456,18,6,2026-09-08 17:30:57,8,69.6
457,21,2,2026-09-08 18:25:58,8,59.1
458,28,21,2026-09-09 15:20:18,9,53.6
459,33,20,2026-09-09 15:30:27,10,65.0
460,26,14,2026-09-09 17:10:20,6,60.8
461,12,11,2026-09-09 17:20:22,8,74.7
462,27,17,2026-09-10 15:00:06,10,57.9
463,30,3,2026-09-10 15:20:36,9,53.6
464,42,12,2026-09-10 15:20:45,11,60.1
465,14,23,2026-09-10 16:00:23,6,68.6
466,40,14,2026-09-10 16:10:04,9,56.3
467,35,17,2026-09-10 17:40:51,6,59.5
468,43,23,2026-09-10 17:40:59,9,53.6
469,8,11,2026-09-11 16:00:31,9,71.0
470,16,17,2026-09-11 17:30:17,11,75.0
471,12,11,2026-09-11 17:50:33,7,72.4
472,21,2,2026-09-11 18:35:06,8,69.5
473,27,17,2026-09-12 10:00:55,11,56.9
474,35,17,2026-09-12 10:15:37,8,62.8
475,26,14,2026-09-12 10:30:50,8,61.8
476,37,11,2026-09-12 10:30:50,7,62.2
477,34,1,2026-09-12 10:30:53,9,49.5
478,43,23,2026-09-12 10:45:12,10,58.2
479,18,6,2026-09-12 11:30:25,8,69.5
480,14,23,2026-09-14 16:20:40,4,70.0
481,32,5,2026-09-15 15:00:59,9,71.4
482,34,1,2026-09-15 15:10:28,9,40.8
483,30,3,2026-09-16 15:40:05,4,60.7
484,16,17,2026-09-16 17:40:15,10,71.6
485,37,11,2026-09-17 16:20:26,7,64.5
486,40,15,2026-09-17 16:55:06,10,53.8
487,35,17,2026-09-17 17:20:28,8,63.6
488,26,14,2026-09-17 17:30:10,8,57.0
489,21,3,2026-09-17 18:05:10,8,59.5
490,18,6,2026-09-17 18:25:53,11,72.1
491,18,6,2026-09-19 09:30:52,6,70.7
492,32,5,2026-09-19 10:00:58,8,73.0
493,26,14,2026-09-19 10:15:43,10,71.6
494,16,17,2026-09-19 10:45:27,7,76.0
495,34,1,2026-09-19 10:45:39,10,48.0
496,14,23,2026-09-19 10:45:56,6,72.5
497,23,15,2026-09-19 11:00:59,8,73.9
498,21,3,2026-09-19 11:45:07,10,61.6
499,30,3,2026-09-21 15:40:59,8,59.4
500,40,15,2026-09-22 16:30:42,7,46.0
